Customer_ID,Age,Gender,Income,Policy_Type,Policy_Duration,Premium_Amount,Claim_History,Last_Premium_Payment_Date,Missed_Payments,Customer_Support_Calls,Sentiment_Score,Website_Visit_Frequency,App_Usage_Frequency,Time_Since_Last_Interaction,Churn_Label
90870ce2-f7bb-48ef-9159-cd39e7b0a7e7,29,F,983300,Term,20,89975,1,2020-12-04,1,3,-0.74,8,13,137,0
a4c5675a-7dba-4341-9593-2239e3f9c9f0,30,M,535048,Whole Life,21,25714,2,2021-10-23,0,9,0.89,16,5,135,1
9a04b5e4-c177-4517-b1db-a2d7c49329e2,22,F,833854,Whole Life,7,27023,1,2021-06-13,3,6,-0.51,15,6,25,1
cc383ad8-9505-452b-ab90-7200198fe968,25,F,1114326,Whole Life,23,25674,2,2021-03-25,1,3,0.27,2,0,99,0
403a7d78-e81a-4d80-b6c3-c8dccaeff4b1,36,F,1308885,Term,21,20375,3,2023-05-19,0,1,-0.9,13,6,33,1
25c891c8-19c8-4572-9777-01adddb32ab9,69,F,1058694,Whole Life,9,12207,0,2020-05-24,4,0,0.59,14,2,70,1
73715502-565d-4def-9d9b-a25d2b6f8c09,33,M,630317,ULIP,16,11142,2,2022-03-30,0,9,-0.31,7,15,145,0
ea0cf7e5-095c-4b79-9373-f3ca8ab2158b,55,M,849155,Term,19,28688,0,2020-09-03,4,2,0.33,16,0,107,1
3e6324a3-1897-43dd-b99e-c606d0fb7f1f,28,M,707703,Whole Life,7,39550,2,2024-08-20,3,7,-0.98,13,4,154,1
1845b99e-194e-4136-863a-8d7122dea9e9,18,F,930525,Term,13,34378,3,2023-07-16,3,10,0.6,3,9,13,0
e34abaa3-6b90-4b4b-947c-d2ecfafa1cd0,56,F,1211820,ULIP,10,52922,2,2023-03-26,0,5,-0.57,11,9,25,1
5360d261-df42-403b-b887-20d2138d5701,65,M,992287,Term,16,30048,3,2024-11-12,1,2,-0.13,6,1,26,0
58fa533b-9905-4e47-9c64-07b0cc36d441,41,M,1057640,Term,11,34521,0,2021-05-26,1,3,0.21,18,10,69,1
07c119f6-fbff-4851-88c8-a00b5c07e056,62,M,1073442,Whole Life,25,29168,0,2024-11-01,3,3,-0.85,9,8,11,0
4e4fa6ed-3d2f-436d-89be-06a19cfc0a8a,51,F,1045092,ULIP,24,66402,1,2020-02-23,0,0,0.89,20,13,101,1
7f9532e7-369e-43a3-9fd5-0f330486246e,37,M,1471707,Term,12,47716,2,2021-08-21,0,10,-0.14,17,9,171,0
c243e0bf-293b-4b83-9270-8eb73aabe832,67,F,746409,ULIP,24,31801,2,2024-03-12,3,0,0.49,9,8,114,1
0178f79c-9e5a-44b8-ad9b-d01a24e8988d,24,F,431289,Whole Life,24,87722,3,2023-02-10,4,6,-0.94,6,10,88,0
8263f3b6-d0fe-4cda-9754-43a9786ecaeb,25,M,965469,ULIP,15,21297,1,2024-09-02,2,8,-0.86,7,2,21,0
0d27a00f-68f4-4d3f-a5fc-7ad461656e49,30,M,658954,Term,21,98795,0,2024-05-26,1,5,-0.53,2,6,150,0
f249954d-2df8-4215-8dc3-b1f96fded29c,47,F,981489,ULIP,8,44856,1,2021-03-30,4,0,0.61,11,1,106,1
78aa2326-7c2b-4be3-8d28-3c63a7fff37a,20,F,728230,Term,10,58218,1,2023-09-03,3,1,0.57,1,14,154,0
93e30f32-56d6-4f63-ba17-c20d0d65aa48,48,M,1011110,Term,18,41997,3,2023-05-15,0,10,-0.01,18,4,115,1
21ee8c65-ac10-4ebc-a8c1-a02f122d4f36,31,M,419067,Term,5,24207,0,2023-11-24,1,9,-0.56,17,13,76,0
04cf46c0-3a43-4a3d-9f1b-08d549edb359,26,M,436329,Whole Life,5,99015,2,2024-01-18,1,0,-0.69,5,12,43,0
efa79352-80da-426f-8eee-8f665ade04b8,66,F,594234,Term,20,13395,2,2023-12-08,1,3,0.7,19,5,125,0
99882f45-da3c-4c34-ab73-e9dd75c28aa0,52,F,1453453,Whole Life,17,30702,1,2020-03-27,1,4,-0.93,4,5,109,0
6f411963-78e9-4a48-85ca-854253833352,20,M,1347211,Whole Life,25,77645,0,2020-11-22,2,6,0.02,8,3,20,1
a894cc4f-7bce-4c13-aba5-c30080c6b10c,57,M,1403102,Whole Life,15,12892,3,2024-03-20,2,0,0.92,10,0,14,0
0c54694c-de8e-4eb2-8dca-30de4542f2a1,34,M,1338770,Term,19,12091,2,2023-06-09,0,5,1.0,3,9,140,0
017d9be3-343b-42c3-a12a-4f07e6891871,67,F,1198619,Term,14,77485,1,2021-05-31,3,8,0.9,11,2,119,0
dfef6f97-c02b-4d5f-a840-aafe689319bb,62,M,1165487,Term,19,77498,2,2024-06-23,1,1,0.35,6,11,21,0
52725190-d8df-4350-8601-1d5747923143,65,F,519453,Whole Life,23,59499,0,2021-01-02,5,4,0.01,7,14,31,1
4b997956-c73a-4345-bbe1-01b69d38a202,39,M,386299,ULIP,22,69084,3,2024-03-08,5,5,-0.36,12,11,32,1
e3d010ba-5975-4d81-bed7-fb61be655777,46,M,1488102,ULIP,23,55601,3,2024-08-08,1,0,0.95,5,7,45,0
fdb6d506-7c47-44d2-a3dd-8e547ee2a4c3,18,F,593162,Whole Life,10,25178,0,2021-12-28,3,8,0.19,8,2,100,0
26baf0a7-e9d4-414a-b9c8-44e3d0dcabfd,27,M,768968,Whole Life,7,30698,2,2021-12-06,3,5,-0.8,8,1,157,1
acc798a0-39d1-4a2f-b796-d4faa0f26c51,46,F,909901,Whole Life,7,52825,2,2023-03-09,5,5,0.76,1,11,41,0
abd6285c-2308-45dc-9b11-c5fcbd3605f4,20,M,772354,Whole Life,10,18144,0,2022-04-02,2,7,0.14,2,10,174,0
9f65c928-e1a8-4637-bbaf-e6c961e1849a,38,F,451252,ULIP,12,16088,1,2021-03-08,5,2,0.31,4,4,128,1
132bbc06-e8ea-4ae1-88e2-bbce08b2309f,68,M,515808,Whole Life,11,86475,3,2021-11-11,1,6,-0.11,15,1,169,0
907a4d1c-2140-43a3-ba09-bfef25be205c,67,M,504923,Whole Life,17,81949,2,2023-11-07,3,1,-0.49,18,8,49,0
143a7652-533b-4be0-b761-f93ee1018a38,53,M,1477260,Whole Life,6,65910,0,2021-03-26,4,5,0.9,19,12,116,1
7844f552-e37d-43fb-9ae6-93762b69ca36,68,M,879586,ULIP,24,93866,2,2023-08-04,5,10,0.77,0,8,137,1
08e4c4bd-65e1-498d-906e-aa2534864f80,58,M,579457,Term,10,76754,3,2022-07-05,3,8,-0.14,8,8,58,0
4417fa9d-29e8-45fc-9f52-c39ec5ab2376,50,F,530578,Term,6,68368,2,2024-05-27,5,5,-0.4,3,7,177,0
1ae7c70a-771a-4d44-a2f4-499c2ac21a78,25,F,1288387,Whole Life,9,56679,1,2023-03-13,5,6,0.38,18,2,85,1
daa90b31-d459-4ce8-b1d8-e3cf111de8ed,57,M,1160071,ULIP,11,18520,3,2024-12-25,5,2,-0.17,15,6,120,0
8628e50f-60c3-4140-a416-c2819be49cb2,49,F,816595,ULIP,14,28842,3,2021-02-06,5,3,-0.18,0,12,95,0
f435ffbd-7b05-401d-99a8-be070e0b621e,28,M,560770,Whole Life,5,25845,1,2020-07-04,3,4,-0.09,11,7,2,0
95b829fd-7365-48d2-84be-aba4c5a21618,23,M,1300891,ULIP,25,26903,0,2024-11-22,3,7,-0.01,13,7,3,1
7c4a507e-a8d1-4ef8-9641-451dc34da0fd,65,M,1465846,ULIP,23,69100,3,2020-04-26,5,7,-0.87,1,3,114,0
1bbc782a-81c5-42b3-b880-922eb69c0ef6,47,F,426206,Whole Life,22,49098,1,2024-03-18,5,10,0.81,8,15,46,0
440e7174-ce0c-4fdc-bf5b-961086304ef8,46,F,888027,Whole Life,8,93036,3,2023-07-18,0,4,-0.3,3,2,180,0
8b7558f4-0cac-42cf-a3c3-650fb1c9bc8c,38,F,1024350,Whole Life,13,66599,0,2025-01-24,3,8,0.5,15,13,81,1
f03e39be-41c8-406d-b41f-ca1240f2644c,68,M,1119913,Whole Life,19,89674,1,2025-01-24,0,3,0.3,15,15,117,1
b918ed3b-fe67-4108-abe7-ce7f41c98b6c,28,F,1408586,ULIP,5,57522,1,2024-08-11,5,5,0.46,12,10,0,0
499624c9-8672-4d06-865f-79abf8fd4199,19,M,1014530,Term,12,32096,1,2021-10-17,2,5,-0.96,7,7,151,1
c66d4eb6-1317-49d7-ae1e-87fed71ad319,40,M,565478,Whole Life,7,97873,3,2023-10-21,5,8,0.52,3,15,131,0
fc151920-1803-4feb-b038-89b3d9150adb,46,M,1042593,ULIP,18,20254,0,2022-08-02,0,4,0.49,12,11,132,0
c7399aa9-3e3b-415d-97d3-ed4ca8d99783,63,F,456939,Term,9,33149,1,2020-07-15,4,9,0.07,13,1,120,1
e9684233-6728-43a6-a349-eac97a68ec87,22,M,664298,Whole Life,16,49016,0,2025-01-21,1,8,-0.93,7,13,117,1
993c1dd5-6742-4c7f-9b71-38cea1ab893a,18,F,583864,ULIP,10,85490,2,2020-04-14,4,2,-0.72,9,2,180,0
8a32e4d5-8a91-4e14-909a-94e675e787ed,21,M,1298582,Term,5,44025,3,2020-03-21,4,10,-0.79,1,8,47,1
9ae84f36-b086-464d-b2ea-c25cc71a1ba3,31,M,605427,Term,9,78487,0,2021-05-29,1,7,-0.11,1,2,176,0
ffd27462-d0e9-425b-a9ef-cbf096e2da66,25,F,467996,ULIP,7,75068,1,2021-04-20,1,2,0.19,8,4,180,0
453a59d9-7204-4acd-86a3-c394a1612dc5,53,F,364352,Term,11,23547,3,2022-04-22,1,9,0.87,14,0,59,0
0b74d2cd-de42-4796-9ffb-0a36070eae57,68,F,1453925,Term,18,43068,3,2020-09-16,5,6,-0.31,0,9,55,0
4c9248a3-80d5-477f-9640-eac92d939fb2,20,M,746419,ULIP,23,87914,3,2025-02-19,2,10,0.26,3,10,71,1
d89773af-ea78-4f23-bf0d-43f64dd68b38,34,F,1177327,Term,22,30900,2,2023-03-09,0,3,0.9,3,9,135,0
f30dad1b-916f-42ef-bee0-924ae2fbb838,33,M,1445326,Whole Life,14,96930,2,2022-05-21,0,4,0.76,8,5,146,1
5f9fb8eb-8e4b-42d8-a102-6593aa225caf,59,M,1112886,Term,8,42741,0,2024-03-14,0,10,0.19,6,1,2,1
169b397c-e839-413a-ba6b-cd99c3f3227a,44,M,772053,Term,9,19683,0,2021-08-16,2,10,0.2,4,7,77,0
a4fb8ed3-6918-4ba3-a872-4d9f4aa14e73,31,F,861472,Term,15,29956,1,2024-03-11,0,9,0.47,0,10,40,1
d6f63562-e3b7-46a0-8702-63c7600a54e8,49,F,832370,Whole Life,9,82520,3,2020-03-06,4,3,0.67,20,10,8,0
59433e2b-7449-490f-9d71-9f799ea456c4,43,M,957268,ULIP,19,47033,1,2020-11-20,3,6,-0.86,9,13,171,0
8a246b4b-dffd-4c14-892a-564e5d201aee,22,F,477688,Term,5,66981,2,2022-04-11,1,0,-0.48,0,12,9,1
1bd39e6e-fc08-4246-973e-bbff38874b2f,54,F,708154,ULIP,10,21680,1,2022-07-13,3,3,0.63,4,10,131,1
d7a754ce-ed12-4f18-a69c-d8d1425d72b3,29,F,1392648,Whole Life,12,71195,2,2024-04-06,2,7,0.55,15,15,66,1
c68ab18b-c46d-476a-9550-44a49c2f9ba2,33,M,868165,ULIP,24,76317,2,2023-10-09,2,7,0.79,14,13,138,1
5d82c953-ff01-4509-bcfa-62cc4c25954c,42,F,730103,ULIP,12,54414,3,2021-01-17,3,8,-0.33,8,9,5,0
4adf4595-1d33-498f-8550-137c806c8d8d,40,M,1194550,Whole Life,19,98571,1,2024-06-28,3,4,0.21,2,6,31,0
4089c03b-9fa0-40de-9747-bc9c9d6719ec,59,M,781320,Whole Life,18,89735,3,2020-04-06,1,1,0.52,18,6,72,1
b343381b-5246-4804-8462-c22888f6e5dd,65,M,752525,Whole Life,9,40277,1,2020-02-23,3,3,0.85,10,15,12,0
73b1753f-a912-476e-8e55-35bbc8fcc816,63,F,453352,Whole Life,10,57504,0,2021-04-20,1,3,-0.38,1,14,119,1
23f0c1b4-df1f-4d8a-af4a-51b122727dac,47,F,990672,Term,7,59560,3,2020-11-12,2,7,1.0,18,7,86,1
2f9d93c5-dddf-4b94-8345-b42ed5e29e7a,50,M,452032,Term,20,81044,2,2023-12-07,1,5,-0.05,20,9,102,0
90c3c9a0-ce93-4085-a171-efb5719e159e,48,F,863405,Whole Life,17,62892,2,2025-02-20,1,0,0.86,8,5,51,0
0dd1c219-fe2d-4957-b1cb-a96edd4fcb61,28,M,772700,Term,23,14675,1,2023-02-08,3,9,0.39,8,2,173,1
ec283bdb-f7d7-4222-8eb7-e92a27f39abe,58,M,682691,Term,6,35892,1,2020-04-15,5,9,0.32,9,3,59,1
a7cfebf0-5076-4b02-a8e4-70ab9756c3d2,53,M,1069711,Whole Life,25,38901,1,2023-09-30,1,7,0.73,8,2,157,0
5d9a9671-f3a2-4bb3-8d93-92a3b478bacd,50,M,908220,ULIP,7,44715,0,2024-08-13,3,8,0.59,20,4,46,0
d006180b-de18-4909-a2a7-1a5930a5a688,25,F,1323559,ULIP,23,67713,2,2020-05-01,0,4,-0.71,16,6,58,1
2b5664b1-18f1-4fc0-ba86-e40776895945,43,F,836863,ULIP,5,64991,0,2021-07-09,1,5,-0.32,7,8,115,0
911d984a-f930-4645-979a-40de08908ba7,68,M,774124,Whole Life,9,85717,0,2023-06-16,0,4,-0.27,11,11,54,0
889f222e-579c-4b62-bee6-201deebb433c,59,F,571778,Term,23,32298,1,2025-02-18,3,0,0.14,15,2,51,1
497705f8-0950-40f8-9773-cf453b467e4c,55,M,1457182,Term,19,21807,2,2024-04-30,0,8,0.92,15,15,34,1
4434cd1e-b809-4db8-b902-2ab1f6d12b66,52,F,571119,Whole Life,10,63687,0,2022-12-11,2,6,0.15,20,13,129,1
05e344ef-f946-4878-b6db-cbb881961269,37,M,612871,Term,20,48530,2,2020-08-25,5,3,0.57,20,8,101,1
a4c8d2a2-483c-4b54-a0b1-e061d21724bc,57,F,454744,Term,5,84298,0,2021-10-11,0,5,0.97,10,13,76,0
b06d2362-c41c-4cc4-9dc8-a131b3e39e53,36,M,363896,Whole Life,8,15426,0,2024-12-10,3,7,0.34,5,5,168,1
01723433-5f25-4002-a91c-656e61135827,40,F,801586,Term,14,41230,1,2023-06-12,3,5,-0.08,17,0,159,1
abd203bf-0a25-457b-a28c-266e448d4304,37,M,1320111,Term,13,35003,2,2024-03-31,4,3,0.88,6,6,96,0
0c3c6a75-95b7-431b-aeee-da1a9963ef2a,29,F,692590,Term,7,93902,0,2023-05-01,2,6,-0.52,10,10,144,1
774d5e7c-2f63-48f2-88df-f7857fec9438,25,F,1321427,ULIP,17,89253,0,2022-10-29,0,8,0.79,15,1,10,1
b73c74f7-3e62-475a-bba8-ad82153565c9,23,M,794479,ULIP,25,34686,2,2022-01-18,4,10,0.9,5,0,58,1
ad669707-a7e5-4ddc-bdcd-53537ec4bfac,33,M,739288,Whole Life,24,74783,0,2020-03-28,1,1,0.99,15,9,113,1
17ac4d0d-f9d6-4978-b5f7-b898c5ade26a,31,M,892669,Term,20,82366,3,2020-11-15,1,8,-0.34,6,15,131,1
325b1e70-b31f-466a-82bf-f17935e41784,63,M,488841,Term,10,38180,1,2024-06-08,0,9,-0.87,14,9,175,0
a3f74190-818c-43a5-8dc5-09c6061ace8a,44,M,781492,Term,22,84248,1,2021-12-30,5,6,0.65,18,2,82,0
13420481-2fdc-43f1-ae04-cc34bc1a4419,55,M,1321552,Whole Life,18,59184,2,2021-02-03,3,0,-0.4,6,4,69,0
c0afff31-3636-4080-be33-6827c5d824a1,64,M,743875,Term,22,11656,3,2024-09-30,1,9,-0.21,12,10,127,1
849b56ac-10f3-4bed-b2b6-865c70199c6c,68,F,400304,Whole Life,7,84524,3,2023-04-24,5,2,-0.55,7,0,91,1
76e2a9f6-11b8-4dbd-9c55-cedc01e1a7bd,64,M,453735,ULIP,14,69691,0,2023-09-02,0,6,-0.96,10,10,90,0
38bb4e36-8f14-4d91-8113-4b8af8247664,65,M,315914,ULIP,17,44016,0,2022-02-28,3,0,-0.28,2,15,88,1
2aac925b-ca9a-4145-9a4c-ecf23b123df4,57,F,975576,Whole Life,23,98317,2,2024-02-27,4,10,0.32,1,5,131,1
1a6c6087-ab22-4035-b4c2-e8d2a0915477,53,F,400649,Term,12,26308,0,2022-03-24,0,8,0.66,7,9,45,1
a95f70b8-3b53-4039-9594-de1781d47255,67,F,761281,Whole Life,22,23350,3,2022-06-05,1,4,-0.34,18,13,176,1
4c5d03b2-7bde-4d9d-8a91-d717b916377f,55,M,1217013,Whole Life,15,43002,3,2023-11-30,1,0,-0.09,16,3,157,1
a2914e1c-520e-4741-abaa-5da093ecebde,47,F,952228,Whole Life,10,49097,2,2023-09-25,5,1,-0.62,11,12,151,0
f7d90a7e-413e-48a2-83ff-d7262939f5ae,48,M,303785,ULIP,21,15403,0,2020-04-11,1,8,-0.46,20,3,24,1
b27dd335-b901-4508-93c3-b2866fc9bf81,67,F,1494903,ULIP,13,94935,2,2021-12-05,4,10,0.98,0,15,101,0
5ae0fa7f-d127-4bdd-8c75-1623e7526592,62,M,1237823,ULIP,5,80154,2,2023-08-04,0,4,0.32,13,0,40,0
633e49d3-e3d1-4cd8-b808-ef4a186ac598,46,M,897274,Term,25,46465,3,2021-12-07,0,8,-0.21,11,7,129,0
8b6d569e-a64f-429c-b51d-327a189e1625,26,F,1067165,ULIP,6,33500,2,2022-11-20,3,2,-0.1,10,13,131,0
548bdc7d-faa5-4269-a2d0-52034ffb0ca0,41,F,633484,Whole Life,24,32976,1,2023-06-30,0,6,-0.1,20,14,40,0
15d5dd14-68f5-42eb-b7f1-9704f76cf677,42,F,1207520,Term,17,96990,2,2020-08-10,5,1,-0.1,1,12,33,0
3e0a553b-fc1e-427b-b6b2-7c8c1a4d94d7,60,M,691627,ULIP,14,91140,2,2020-03-01,3,7,-0.5,8,6,152,1
de01e0d0-0110-4c7a-8eb8-38cc46e25577,46,F,407809,Term,23,72720,1,2024-01-04,0,3,-0.18,16,3,109,0
c84a5a54-64cb-4141-b461-ac58a8bfbbf4,54,M,313237,Whole Life,16,93720,3,2020-08-08,0,2,-0.63,10,9,152,0
3841ea1c-8d18-4f85-aa7b-18a9296bc0b3,54,M,636640,Whole Life,5,90539,3,2024-12-16,2,10,-0.49,0,2,49,1
90c96095-7387-4f3d-a848-dc3627bc2a8e,46,M,649271,ULIP,5,63788,0,2021-08-12,0,6,0.28,19,13,39,1
6e2717ab-8f9e-440c-bbda-12c1151b7501,67,F,1332633,Term,23,99289,3,2023-09-14,0,3,-0.67,16,0,64,0
83398cfe-f8e7-4d0d-af54-b6ff90fafd80,37,M,1345585,ULIP,5,76122,2,2024-09-02,0,6,0.97,4,11,51,1
9329514a-0089-4465-82b8-2e15799eae78,61,F,748349,ULIP,10,63799,0,2024-05-15,1,1,-0.2,5,15,148,0
fdafddcc-0983-403e-946a-37f0e9cb5aad,50,M,1301271,Term,9,97936,2,2023-05-06,5,3,0.74,16,5,163,1
5f56139f-7ed3-42b7-9053-2aa4cc46cb8e,64,M,886521,Whole Life,11,38772,3,2023-06-12,0,1,0.35,15,11,75,1
cb9e551e-2f78-4193-beae-ff5578d87e92,43,F,651711,ULIP,20,32672,0,2020-07-25,5,3,0.32,13,13,84,1
76c8e8e8-7823-4ee4-bcb6-34b25ddf9e88,56,F,462076,ULIP,20,99470,3,2023-09-08,0,6,0.9,18,4,90,1
a5b62f3f-86d6-4136-98e4-bff151acda75,54,M,1374724,Term,6,32541,2,2023-10-28,1,10,-0.61,7,2,90,0
906ef269-9648-429e-9220-39c5ff5a911e,41,F,1015076,Term,6,17126,3,2021-01-22,1,5,-0.96,20,4,46,1
442513d5-a3ca-4db0-906c-405e4775ea90,20,F,734204,Whole Life,18,16223,2,2020-11-03,4,2,-0.55,1,5,82,0
4ca5d9fa-b0de-4c80-a21a-70437ed9c1f5,49,M,871339,Term,7,20642,3,2024-03-10,2,7,0.63,17,3,157,1
ec96142e-dc84-49af-a11c-4fcf5ac4706a,66,M,1308933,ULIP,18,90254,2,2024-12-06,0,7,0.04,2,7,39,1
7d8223a6-e610-49b1-8e47-be911f5813ab,61,M,1128748,ULIP,19,29423,3,2023-04-16,2,9,-0.72,17,12,74,1
a359136e-1ada-4fe6-a6fa-c8d529b4600e,59,F,483425,Term,6,15524,3,2022-03-16,5,6,-0.93,1,2,45,1
795fd52d-3690-47f6-b8e9-82e359ed1a4c,62,M,834480,Whole Life,24,38340,1,2020-07-24,5,10,0.03,18,9,144,0
79586fea-e058-40d1-a568-427f5793e477,51,M,645335,ULIP,12,25734,0,2023-11-17,5,7,0.63,20,13,180,0
c80b29dd-faa0-4952-9ca3-394f5bf34655,42,F,1476370,Term,15,26436,1,2022-12-10,3,4,0.69,9,0,81,1
46d53b4f-01ff-47a5-bb4a-164e6158ad81,59,M,1332789,ULIP,14,23417,2,2024-01-04,5,4,0.15,3,6,56,1
2a3bbf21-0924-4d98-af4a-8bc96022d4dd,59,F,607149,Whole Life,13,86308,1,2021-03-02,1,5,-0.97,13,10,140,1
21fb131b-8e31-4f14-a7e3-539100fd0410,61,F,524874,ULIP,22,49645,1,2021-01-29,5,9,-0.58,7,15,75,1
44a3d50b-91d4-492d-a444-146fede3164c,63,M,840562,Whole Life,13,74210,1,2022-12-23,0,7,-0.0,19,6,39,0
b8f6d325-0d1e-4501-8bd3-862f86782c83,27,F,1263450,Whole Life,11,60735,0,2022-09-20,5,5,0.03,19,9,54,0
97889561-d98f-4222-b393-d3f1019087c9,22,M,1450129,Whole Life,21,38224,2,2021-03-18,2,6,-0.49,20,7,154,1
4ad06235-dafd-4a70-90c8-7799714c02ea,46,M,1457235,Whole Life,22,42494,1,2022-01-08,3,10,-0.96,3,14,175,1
de3789b6-cb03-4fd6-b11f-e514d152d0ae,49,M,1097845,Term,22,81234,0,2024-12-24,5,0,-0.59,11,5,21,0
00d13116-b769-42e4-8ae4-7867cf35019c,51,M,1444957,Whole Life,9,83607,3,2024-07-13,3,0,0.58,14,5,163,1
cf10ee66-4fb3-48b8-a84d-3e91bd687532,41,M,1417135,ULIP,14,25645,2,2022-08-08,4,5,-0.24,4,1,121,0
ce87932b-ea3e-476f-9677-76484a004d9d,44,F,1446785,Whole Life,22,57458,3,2022-01-29,0,3,-0.74,2,3,68,0
938802b9-d6ae-4114-81bf-bbc0e2a89217,63,M,1196652,ULIP,12,71627,2,2023-04-04,1,10,0.04,7,11,37,1
f2b35e05-3b7f-4267-ab0c-1e11723a88f7,32,F,305221,Whole Life,11,98964,2,2023-03-04,3,9,1.0,14,9,68,1
91bd101a-3356-40ae-8c94-7e31efc2d845,63,M,1349620,Whole Life,10,10710,1,2024-10-03,4,4,0.13,11,14,71,0
e999f45d-acfa-44f3-abcd-8a1574fe8898,22,M,1178217,Term,8,47551,0,2023-09-21,3,8,-0.68,15,13,1,1
40b7f155-e2df-4182-a9f4-dfea56bc175d,64,M,479270,ULIP,14,23980,1,2022-07-30,1,4,0.96,14,3,177,0
e935458a-17d6-4c1a-8f26-4c6709b50285,39,F,869489,Whole Life,7,21978,0,2024-09-01,3,2,-0.05,9,13,44,0
8fe28d5c-f2f5-47e7-b17d-8066deadfe1b,42,M,1292767,Term,16,47886,1,2020-11-07,1,0,0.13,9,2,18,0
7801671e-2cb2-494c-ac5f-c3c4d21dbed8,49,F,658229,Term,10,97857,2,2020-03-28,5,1,0.25,18,2,35,0
bc70f33d-da46-4e1a-9646-e0caa8a3fee7,29,M,384881,ULIP,15,19338,1,2022-12-25,3,5,0.68,10,9,177,0
0b2911ad-e41e-47a1-a33b-d5a8c90a2098,36,F,917616,Whole Life,21,49411,1,2021-02-01,4,3,-0.45,1,6,75,0
b31f47e5-18fd-468c-b741-08a37fd85ef8,44,F,746743,Whole Life,15,94284,0,2024-07-12,4,5,0.14,16,2,83,1
fe6f74b9-5bdf-4110-b8d9-a842ee37fca3,41,M,699024,Whole Life,5,28358,1,2024-07-10,5,9,-0.42,9,13,88,1
0942a308-dc3c-45bf-8f2b-86766269cee0,57,M,326157,Whole Life,6,67733,2,2022-10-06,0,7,-0.97,16,11,92,1
8791c079-48b8-40fd-818a-e0517a7e5bd0,28,F,789389,Whole Life,11,44351,2,2022-03-18,5,2,-0.52,16,15,156,0
19680677-fadd-4c60-8daf-c01d3f75b12d,51,M,1086048,Term,14,43190,1,2020-03-26,5,2,0.83,17,7,42,1
61bd30e1-ef1f-499a-a871-d3262a465659,51,F,1416810,ULIP,22,95623,0,2024-12-24,2,1,0.49,14,2,98,0
42c1c955-2e29-4808-9131-66c3644e2f93,57,M,957827,Term,20,97872,2,2024-04-06,2,1,-0.59,16,10,175,1
e6f20909-522a-4dc3-980f-b75f5bfba611,50,F,1115542,Term,24,94877,0,2021-08-26,0,7,0.56,8,2,92,0
0fd1a625-8f62-4a57-9149-5252bfe4173a,32,F,1420277,Term,21,38893,1,2020-10-01,1,7,0.41,15,12,40,0
9cbb48d9-49f4-4ca4-9655-6b6de608165f,29,M,926162,Whole Life,21,35839,1,2022-09-03,5,7,-0.4,9,1,132,1
aa7a6b3d-6a9d-4f1a-9e12-fde4f1c8ae5f,28,F,1289838,Whole Life,17,70834,3,2022-06-17,2,10,-0.13,0,14,119,0
2273ca18-fdcc-4f56-9d96-8f548c468380,50,M,490813,ULIP,22,25931,2,2023-12-03,1,10,-0.84,12,14,148,1
5b84a0ec-74d3-475a-9230-dfed00887edd,51,M,375920,ULIP,22,91540,0,2024-08-16,0,2,0.11,13,1,89,1
a7476382-3cfe-4969-a786-0951c03d1f19,44,M,339458,ULIP,11,96352,0,2023-08-06,5,4,-0.44,20,8,18,0
4a7f479d-2b54-4d02-b19a-1b4d5c961bf8,43,F,1440819,Whole Life,12,17171,1,2022-07-06,1,9,-0.99,7,14,103,0
7e22a00c-977f-4d91-9461-b8c41d550fef,60,F,1050300,ULIP,17,92437,1,2020-06-02,5,10,0.55,6,14,66,0
e033f41b-b306-4eca-80f9-5d15de0a3ed7,47,F,619800,Term,21,46963,1,2024-02-05,2,9,1.0,3,0,28,0
80f2f3d7-7576-41ee-976b-1298396352df,48,M,626762,ULIP,25,92982,2,2023-06-08,1,7,-0.13,10,3,132,1
0d2607d4-c858-4ccf-a459-b5f6f321488f,33,M,1230438,Term,16,78028,2,2022-06-19,2,6,0.31,2,2,73,1
674f47d4-00fd-44b6-a86b-3a129ce490b2,22,F,1025186,Term,7,21658,1,2022-01-13,1,5,0.52,12,11,104,1
a10a50d0-a5ef-4004-b7ae-5e2ea5599a5b,61,M,1164009,Term,6,41242,1,2023-06-21,5,10,-0.44,10,11,48,1
74cd0a5d-7ab9-4a5c-ae27-bd216e94c91a,43,M,878906,Whole Life,17,75952,0,2025-02-04,0,6,0.99,3,15,36,0
34d24662-0511-4ac0-a1a9-aaa78f59b9e9,50,F,1404112,Term,10,67795,2,2021-10-10,0,8,0.72,2,4,26,1
49e6cbb7-ce4c-4af1-8c8e-193ed422eaa7,51,M,1355176,Term,9,74999,2,2024-04-02,2,6,-0.81,18,5,46,0
5a3ab348-ce74-4ef3-93f8-dd72dc64922c,43,F,1140383,Whole Life,9,28333,1,2022-09-13,5,3,0.38,14,4,152,1
09a9dfc6-4892-40e7-b169-bef8f83c45e4,61,F,460776,Term,19,47100,3,2021-07-01,1,1,0.54,12,10,123,0
b7494968-5bfb-4ae8-8955-30508ab65754,39,F,1219110,Whole Life,15,24427,1,2023-10-31,4,5,-0.22,19,15,89,0
31146d43-e528-40c0-8caf-7254995a131e,59,M,1195662,Whole Life,17,84331,0,2024-02-13,3,9,-0.38,0,10,106,0
8d25114f-f9cc-41ff-bab5-d7cd103d2519,25,M,403065,Term,7,64643,3,2024-09-02,3,3,0.53,6,10,54,0
2209bc3f-f535-44c6-bca0-14b630df9fb9,68,F,1038653,Term,13,27510,0,2023-09-20,1,10,0.37,10,14,31,1
2897f553-9f74-433e-8af5-ae9d2b25ba34,21,M,1125158,Whole Life,13,63346,0,2023-08-31,3,2,0.82,16,14,9,1
3fa9e94d-b9ec-409c-adb3-301eff9936ba,62,M,385528,ULIP,13,80924,2,2025-01-15,0,8,-0.7,15,3,155,0
d36ff079-c4a7-4a12-8152-de0f9b4c81a2,50,F,508128,Whole Life,17,58345,1,2020-10-11,1,3,0.17,16,9,92,0
67b27105-9a97-4a9d-a4a6-57f5fbe39f91,30,M,656395,ULIP,10,92909,0,2022-09-23,0,4,0.56,3,13,37,1
34afaac2-97f2-4bf7-a642-929bc053b4f8,24,F,1093143,Whole Life,21,70349,1,2020-05-17,5,10,-0.38,15,3,56,0
d2b9e1d3-8970-49bf-b7a3-b36822a44f38,38,M,1043219,Whole Life,17,54335,3,2024-08-04,0,7,-0.69,9,2,167,1
d325fa16-e33f-4602-b524-d73eedc783ed,70,F,620377,Term,17,75723,1,2021-04-22,5,10,0.12,8,10,123,1
a06b7b27-a630-4f01-b2f9-1c949a026850,30,F,714988,ULIP,19,74889,0,2023-10-12,4,8,-0.52,3,1,34,0
8292eb33-fe93-4b8d-a40d-f7742970a768,66,F,668113,Term,7,25090,1,2023-08-17,1,7,0.8,1,1,40,0
41d170bf-a58f-4ed8-95e0-96624c1a6b78,54,M,965437,Term,14,66225,0,2024-05-09,0,9,-0.35,1,10,22,1
52933052-0c2b-4e01-95c5-6145266f6620,28,F,1221983,Whole Life,19,99404,1,2023-01-09,4,0,-0.07,2,11,133,0
f1f722c5-6897-4309-8b84-3b4c89e888f2,59,F,1193368,Term,14,30296,3,2022-08-23,4,7,0.12,5,3,4,0
ac0d3262-a17a-44fc-90cd-3f35bdc54827,39,M,1468093,Term,6,93351,0,2024-11-15,0,0,-0.93,5,10,24,1
46d6391c-ab85-46cb-8f68-da5c1ec861fd,63,M,1146090,Term,10,41190,0,2022-08-28,3,2,-0.02,11,10,113,0
136a1c19-de5f-4f27-985f-4507a9c7244b,49,F,722033,ULIP,20,73072,0,2023-04-26,1,4,0.83,2,5,15,0
41cdf4ec-0111-438a-bf35-5a1875aa8031,24,M,1249750,ULIP,9,40544,0,2022-02-19,1,0,0.41,2,6,16,1
2e392373-59f0-4705-a54f-0415da78bd11,22,M,448051,ULIP,6,41332,2,2021-07-10,3,0,-0.84,19,5,147,0
9054535d-0cf4-48ce-90d8-c2552d29d758,37,F,941372,ULIP,6,71775,0,2021-06-08,5,4,0.53,20,14,70,1
7f20aff6-ec05-4ffb-9302-e6a2b0552c99,30,M,1493322,Term,18,84459,0,2023-11-24,5,1,-0.48,11,0,144,1
8d459791-8b44-4532-8f77-58f93a582465,40,M,796750,ULIP,17,82581,1,2024-05-05,5,2,-0.56,20,3,92,0
8abe9aae-4d14-4283-8372-6fcc35e4ab33,52,F,356310,Term,6,51850,1,2024-08-18,1,2,-0.75,10,11,16,0
d4b6a139-1a5b-4e6b-8f6c-0d12c8f3a03c,49,F,634617,Term,15,48391,2,2021-11-30,5,4,-0.95,7,8,74,0
4b36c17d-d28b-4eff-8614-154fd7f099b1,69,M,1182588,ULIP,6,27112,2,2021-10-13,3,8,-0.45,0,1,67,0
e47ac4c8-97bb-4ab5-b5ae-f7608af820b1,26,M,1264150,Whole Life,25,39258,1,2022-06-18,2,7,0.41,18,11,134,1
72004462-ca9b-40e4-9342-7dfd17c2238b,22,M,853558,ULIP,6,12388,3,2022-07-31,2,4,0.4,20,4,66,1
cdc806af-fb55-4616-ac06-c81ae57682d0,46,M,541969,ULIP,18,82854,0,2023-07-02,4,8,-0.11,12,6,29,1
56b6456b-75c0-47d5-a545-1ba8b2f3cdaf,36,M,1403626,Whole Life,15,17138,2,2024-11-07,2,10,-0.72,18,3,127,0
e7acfaa0-8e90-49b9-b084-0f82e1d541c7,37,M,1152359,Whole Life,22,62359,1,2023-09-29,1,2,0.81,14,6,67,0
f73f278a-2e01-4233-beaa-660a8ef038ab,18,M,470145,ULIP,9,30419,2,2020-10-01,1,6,-0.83,18,14,21,0
3d323f2b-7d45-4791-a93f-3a302e7c8912,69,M,893312,Term,10,83489,1,2020-10-09,5,0,0.0,12,1,103,0
65e42e16-ccee-43f6-bc8d-d91b0ecf9f4d,40,M,1428345,Term,9,30647,0,2021-12-21,5,6,-0.4,3,2,180,1
661312bd-085b-45a7-954c-a1ca91e96a85,20,F,1307242,Term,8,81212,2,2021-02-07,3,7,-0.36,2,6,84,1
4c39b271-8069-46bb-ac92-43ee1f3d1c1c,23,F,1486403,ULIP,13,20365,3,2022-12-18,0,10,-0.1,8,3,62,0
4b7ce451-8552-49b7-bf0c-249635b74f81,59,M,934053,Whole Life,6,13474,1,2022-09-06,5,1,-0.89,15,3,101,0
6268a5a6-e60a-462a-b5fb-f5c440636aca,26,F,308186,ULIP,19,37037,3,2024-09-18,2,2,-0.19,12,12,11,0
e1c0dcb2-9fec-4d03-9e39-05c778d0d38a,28,F,1158736,Whole Life,5,74637,1,2022-09-30,0,5,0.73,8,8,102,1
90267144-a77e-4def-b893-d990b36e348b,30,F,844722,Whole Life,9,61077,0,2021-04-01,4,5,-0.78,5,0,179,0
7487db8b-c89f-4b23-abcd-6dee86390e38,32,F,1180554,ULIP,15,97866,0,2021-11-25,3,5,0.19,13,3,113,1
82a40030-8b32-4b76-8016-1d9941502701,52,F,1017639,ULIP,21,12303,3,2023-12-31,5,6,-0.19,13,3,164,1
e85686b2-67cb-4972-8b67-fd661976c88c,44,F,562523,ULIP,19,22682,1,2023-02-09,2,8,-0.62,2,7,87,0
9893e922-cc23-4012-89e1-31e5cd0c2376,22,M,730445,ULIP,12,72254,0,2020-09-19,0,0,0.21,8,4,121,0
88e3f3c4-3482-494a-a02b-c782df8c9e87,38,M,1257589,Whole Life,12,46318,3,2023-07-13,4,1,0.31,15,4,127,1
c2a0704e-60c0-46d0-b9a2-f38a4c417a7e,24,F,651775,ULIP,5,48112,2,2020-04-24,1,0,-0.17,14,5,33,0
69e6b0be-f755-41aa-8a93-93eea2777181,39,M,515311,Term,9,77004,3,2024-10-08,3,4,-0.71,19,12,52,1
be5f66fb-5ea8-4333-bdf1-198e0f5bddb0,45,F,887528,Term,22,14805,0,2023-07-10,0,10,-0.84,20,1,130,1
23d140f9-2444-4860-843c-5257c0c2081a,57,F,684276,Term,6,81106,1,2022-06-10,2,6,0.11,4,5,170,0
a57664cc-c203-4ada-877d-2fb7907ecf51,31,F,976751,Term,10,90761,0,2020-12-18,0,6,-0.54,1,8,41,1
3ae3d244-4bb2-48bf-8384-27e49b8dfadd,46,F,301362,ULIP,7,12487,0,2025-01-10,3,10,0.15,17,8,21,0
9a0fa8a8-2e76-4d2d-9423-40d913b1768f,68,F,836682,ULIP,12,99748,3,2023-12-21,4,10,0.64,8,7,52,0
cf5c5f94-dacc-4722-ad14-553a4a52022b,37,F,370177,Whole Life,7,32259,1,2021-05-05,1,10,-0.41,14,11,11,1
9817f3b8-b7fa-4452-9fcf-92a70cc91646,56,M,672561,ULIP,14,96904,0,2023-04-11,3,2,0.33,8,1,84,1
debf8368-b816-4d42-8c90-f838afaaa468,53,M,1368243,Term,6,67714,2,2021-01-08,4,6,0.86,5,11,167,0
0eda4bd4-c822-48c0-aa2c-5ee5a918f8a9,41,M,1204441,ULIP,16,19938,2,2022-02-21,1,2,-0.14,15,6,18,0
b4290276-375b-40d8-bcaa-96160831d859,49,F,605817,Term,19,45531,2,2021-04-09,2,0,-0.51,14,1,70,0
a8fc92e6-7e05-4968-8f71-2e4f791854d3,44,M,738473,ULIP,25,78040,0,2020-07-07,3,6,0.79,1,12,131,0
81a7c79b-3102-4ec2-a63e-b3c0d8549ac2,30,M,1392682,Term,7,85667,1,2022-08-07,4,5,0.44,19,2,126,0
5c88b052-de89-4439-b0cd-09d7b8052584,18,F,528038,Term,12,15474,0,2020-08-09,3,9,0.59,0,7,67,1
c4219dd4-8409-41bc-9d3d-775699bc7c67,21,F,842809,Term,15,52385,2,2024-03-19,1,10,0.14,0,8,146,1
75a60f4b-0ac6-4b26-844f-286bf4472b6b,41,M,1043361,Term,25,25821,2,2021-03-14,1,2,0.99,5,15,113,0
1c35ed3a-fcad-4b74-8263-46e9b2cd5653,45,M,933966,ULIP,18,24569,1,2023-04-25,4,2,0.89,16,12,0,0
3b943933-82c2-4c10-a714-7d2e306f87ac,47,M,595528,Term,23,42718,3,2022-03-04,4,2,-0.18,11,11,33,1
8a7001bd-6cf5-41f0-b482-2208fd1b1b51,67,M,1165528,Whole Life,14,88150,2,2023-02-25,3,4,0.37,5,14,142,0
6e76ca02-e993-4d0b-9da3-897a38dc7777,42,M,921009,Term,18,35707,0,2024-06-27,1,1,0.88,7,11,161,0
06856833-81ce-430e-9d92-f874fc820855,63,M,1085808,Term,22,18028,0,2024-07-13,2,7,0.42,9,8,148,1
ba71b504-c3b1-4ae4-b4c9-71ea23870c49,57,M,763805,Whole Life,7,53619,3,2020-04-12,2,0,-0.03,12,11,63,1
94d3b308-b6df-4cae-9ccc-3cb364d1450a,33,M,483882,Whole Life,21,82429,2,2021-07-23,2,7,-0.44,12,4,168,0
bdb67a9d-88a5-492d-a75a-1d5ea1cfc70e,48,M,576017,Whole Life,10,53751,3,2022-08-19,3,7,0.97,6,14,122,0
63051c0e-01ed-499f-8666-8b791bd68f9e,65,F,703566,ULIP,18,61683,3,2024-06-19,1,8,-0.22,11,10,80,1
d27355fb-6542-442a-bfba-1d1086672815,22,F,1234624,Whole Life,13,89323,1,2025-02-08,3,8,0.81,16,7,136,0
76387b01-36ac-4f61-ab72-3b379c6a9d83,39,M,629651,Whole Life,16,15099,1,2023-05-29,4,6,-0.25,12,5,33,1
c4580d1f-34b9-4759-b976-c3b113595835,24,M,357451,ULIP,10,34559,2,2021-03-31,4,0,-0.82,12,13,107,1
a7ba4187-0d15-414b-8438-68606b0ca21a,37,M,1148911,Whole Life,23,90899,2,2024-09-14,4,2,-0.19,4,14,20,0
4e4adddc-d495-4302-ac3e-c58ac8e4d596,60,F,1426773,Whole Life,5,76567,0,2020-12-18,1,9,0.43,16,3,133,1
d88d6f83-db08-4e46-8b35-f1059cc0d5d0,56,F,427815,Whole Life,23,95988,3,2022-11-13,4,5,0.3,4,0,63,0
a234baf1-d2eb-4ff3-bc99-4a8b164bffe8,57,M,758941,Term,24,88336,2,2023-10-04,5,8,0.8,17,4,41,0
59295f84-1ac0-4b7c-a4ad-dbeaf5c37b7f,66,M,991235,ULIP,5,29346,2,2023-04-06,2,7,0.78,10,10,25,0
89e2e99d-a37a-4bc5-88fd-515a9e672c26,55,F,761898,Whole Life,24,73176,2,2023-07-21,5,6,0.37,10,12,75,1
8a8d570b-91b3-414e-a8f1-64bb59661e98,27,F,574703,ULIP,21,72380,0,2025-01-12,4,0,0.39,14,1,157,1
df4b5dae-9c95-4a8a-86da-eeea0ed78068,38,F,793553,ULIP,14,20831,0,2020-07-05,1,0,-0.14,4,14,24,1
a81c4501-9616-4d04-9edf-18f01604b010,24,F,931444,Whole Life,20,93873,1,2021-04-28,3,6,0.71,11,1,3,1
02c06917-609c-44c7-87e2-f45cca5d62fb,49,M,408357,Whole Life,17,61189,3,2024-08-29,3,10,-0.93,19,13,73,1
c32fdfe8-3bd2-4ebe-93bc-a9d3d982c2bd,38,F,1222542,Term,13,49070,3,2021-02-20,1,5,0.05,4,11,175,0
23a16a04-125c-47a2-98ce-8172b978d8c6,36,M,664733,ULIP,5,20183,2,2023-01-16,2,1,-0.37,7,9,124,0
94975283-0bcd-489c-b9d7-3626ecc23ca8,62,F,1112741,Whole Life,9,89892,0,2022-10-07,4,0,0.91,5,12,6,1
9c85416f-11be-4f13-a6a4-54bc687e76f6,44,M,997036,Whole Life,22,14213,3,2024-10-22,0,6,0.46,1,4,5,1
93faa9eb-86a1-4c89-9970-0fe7602f4364,35,F,912338,Whole Life,18,45966,0,2022-02-12,2,1,0.09,9,10,100,1
a375d7ee-c793-416c-88b0-c160f1632e95,67,F,699817,ULIP,7,39756,2,2023-11-03,4,7,0.16,4,1,129,1
398e23fe-5a32-48df-acca-fcc23bce4b56,18,M,1085170,Whole Life,17,62805,2,2021-05-11,0,6,0.84,7,9,130,0
431374be-1fbf-4986-85a1-1e8a925e191e,58,F,1389734,Whole Life,21,54420,3,2022-05-04,3,6,-0.28,3,13,62,0
bbf17c34-1736-4a7d-8fbd-ef68023e08b3,26,F,793493,Whole Life,24,18562,0,2024-05-07,4,3,-0.86,13,15,153,1
eb3b6b1a-1722-4c03-af57-77d23824ae11,68,M,762482,Term,5,84926,3,2021-12-14,0,2,-0.1,10,8,124,0
20330f98-ef45-4168-bf95-7444b889a1e9,23,M,1331787,Term,6,62994,0,2022-03-26,5,6,-0.14,1,7,125,0
5ee39f58-02e3-41d8-acae-26cbfdd3b9fc,48,M,819192,Whole Life,5,49558,3,2023-05-20,5,10,-0.71,15,12,96,1
dfde1de0-bf26-4b27-b28b-4d766cbe1eab,64,F,1142147,Term,22,88241,0,2022-10-01,3,4,0.19,11,0,52,0
49ae900b-97cb-4ce6-bc11-6d893ad7a847,54,M,1159202,ULIP,20,74544,3,2022-03-18,1,4,0.6,7,11,173,0
af5c7c5b-bdb2-491f-9afb-1c96e0cdc70b,52,M,636956,Term,8,10463,1,2023-05-05,4,9,-0.98,17,1,60,1
2f1c0087-4f3e-483c-85cc-dfbf9b0cdd8d,23,F,1024252,ULIP,12,41454,1,2023-09-14,3,0,-0.88,10,12,98,1
cfd0d0e2-8e6d-4879-9cca-5aff75f64d72,33,M,1399459,ULIP,16,67666,3,2021-10-10,4,5,-0.88,13,15,13,0
42d75274-9a45-4df4-861f-8ea279514691,54,F,1271142,Term,5,56743,0,2023-07-18,2,5,-0.78,2,2,175,1
67f87c34-4795-4194-b53e-f50c818443ce,56,F,846781,ULIP,25,27189,0,2022-10-22,3,4,-0.7,14,15,46,1
6f2f482c-eb93-44e7-97e6-68b6e4eee04a,26,M,495196,Whole Life,23,59652,2,2023-02-12,3,1,-0.25,3,14,73,1
f73cad2e-71f2-4ae2-aad0-b1a2e5862f94,18,M,1364257,Whole Life,18,82661,2,2020-10-26,4,2,0.48,17,2,126,0
3bf2ebeb-a188-46f8-9cbc-fb16a24482a1,66,M,1003964,Term,18,77255,2,2023-06-09,2,4,-0.4,8,8,82,1
e5be04ae-c4ce-43d2-bbdb-6b553a46c791,30,M,505458,Term,23,52939,3,2020-07-22,3,1,0.35,9,7,61,1
c2adb6b2-9a5d-4634-b81f-f02c1e922fea,57,M,708323,Term,6,78361,0,2021-01-02,1,3,0.56,3,8,159,1
9011d5a7-987d-4aee-b102-7241a5622676,53,F,1228408,Term,22,57432,1,2021-10-22,5,9,-0.43,17,9,144,0
611113c9-d51a-489d-b759-1d3b481fa6c1,22,M,824624,Term,20,83210,2,2023-03-05,1,3,-0.89,19,15,162,1
43b89861-d51f-4644-9b83-e1513deb9b02,60,F,1225605,ULIP,12,79765,0,2024-09-08,4,6,0.56,1,13,57,0
fa21ae46-fa98-41c2-af5b-e84054a0eb19,43,F,1338376,ULIP,6,99058,1,2024-10-22,2,9,0.33,8,10,108,0
eb32b4cb-dc15-479c-96c1-9f5a460eb0e7,54,M,1374342,Term,17,49946,2,2020-03-23,2,3,-0.87,1,9,111,0
6ce5786f-00ac-49f3-9180-ccce2788339e,42,F,464667,ULIP,19,33875,0,2020-08-20,4,9,0.54,18,11,0,1
cadb1aad-f0c7-4487-88b2-3e11efc2d56c,40,F,971463,Whole Life,20,85269,1,2024-01-11,3,5,-0.08,17,3,173,0
80a576a4-286e-4295-817d-02e10e70a326,36,M,365907,Term,6,34622,1,2020-12-23,0,8,-0.05,11,4,118,0
295f17a3-1ad1-4694-8f36-c476bb459ddb,29,F,1430559,ULIP,24,99067,3,2020-12-16,1,5,0.91,2,15,45,0
0df98c57-7f73-4a5a-9832-f3d301db331b,54,F,442176,Whole Life,5,65598,2,2020-11-17,5,10,-0.96,17,7,159,0
00f31a8b-6f91-42d2-a8bf-bc9a157e3f7f,42,F,503646,Whole Life,21,81585,1,2020-06-11,2,9,-0.92,16,13,65,1
23fb365a-8bef-41ba-a826-267559a7cd85,69,M,534088,ULIP,21,64460,3,2022-01-22,5,1,-0.95,2,7,120,1
edc2883d-22d7-45f3-8255-6812fb7cae0c,65,F,1019336,ULIP,23,43126,3,2025-01-05,0,6,0.27,13,15,31,0
909be58b-5568-4b09-bbee-75d8902aa580,40,F,923372,Whole Life,11,10503,1,2020-08-31,2,0,0.83,3,6,170,0
c8aad940-de4d-45e0-8a68-54b57c8aae94,52,F,701543,Term,12,59216,1,2023-08-23,4,7,-0.53,4,0,154,0
8700a889-af88-40e0-916b-5f763af4db18,20,F,1108938,Whole Life,10,16591,2,2024-10-30,2,3,-0.1,13,0,117,1
aa0aa6f3-3927-4a96-aa29-53188ddc61fb,60,F,1499321,Whole Life,17,73975,1,2023-09-01,1,3,0.43,6,13,79,1
86fc3d55-8fc7-44b2-9daf-652d0c5459ab,53,M,1368774,Term,11,29714,0,2023-10-19,5,3,1.0,10,9,127,1
59a76b22-45b0-414b-9c03-e8e23af7f56a,63,M,306126,ULIP,13,76142,3,2021-12-02,5,0,-0.33,15,11,29,1
d50a09b8-92be-43ad-9106-a9074677b8c5,23,F,720611,Whole Life,6,20258,1,2022-10-04,5,7,0.32,16,11,3,0
2ac0d87c-40be-4d73-a3c1-c4045379f528,63,M,1108175,Term,18,80671,1,2023-06-08,0,1,0.64,3,0,120,0
7a245d56-6729-43f3-887a-b59e06c8bb84,58,F,353866,ULIP,12,11125,1,2023-07-01,3,8,0.82,18,2,48,1
bb6524c7-a88f-48f6-a199-7a95d63eee25,53,F,448632,Term,15,19915,1,2024-06-09,3,6,0.64,19,2,62,0
8247e58a-3b6e-40ae-86cc-60b0981d7ba6,19,F,498625,Whole Life,19,30261,3,2023-09-24,2,3,0.67,1,4,174,0
643cd114-ef38-43a0-be02-e71c0b3312f6,62,M,726164,Term,9,70801,3,2021-10-15,1,6,-0.63,10,14,163,1
7200f4e5-2dc6-4633-9a05-82884bcccb69,54,M,783352,ULIP,23,23598,1,2021-07-27,3,7,-0.38,11,3,53,0
5c1e5596-fb35-46de-a16c-43a51ad3c544,53,M,1042750,Term,18,71079,3,2024-07-21,4,2,-0.69,0,15,135,0
176c75bc-7731-4072-9819-e5855ab9be37,50,M,561299,ULIP,8,85179,2,2022-12-06,2,2,0.18,0,4,50,1
cbadec66-10ee-4776-a8f8-93f335b5d389,63,M,607609,Term,14,25457,0,2022-03-10,5,2,0.17,20,14,121,1
9106c434-7703-48db-bb51-ddaa451a4f38,49,M,512663,Term,22,70498,3,2020-07-08,0,4,0.32,6,11,36,1
a1297641-2c8e-4735-ba8e-5f8d656649fd,56,F,1152086,ULIP,15,45071,1,2024-07-30,2,7,0.35,0,11,6,0
6f4d042a-ca2f-40b1-821c-ca13b901b101,43,F,806437,ULIP,15,97330,0,2024-06-08,3,5,-0.93,19,10,37,0
d2205c27-9b07-4891-9b45-95930f8090d1,42,F,1229309,ULIP,23,25978,1,2024-10-25,5,10,-0.17,6,10,85,0
06d56755-0e09-4cd7-b38e-27735c3da1fe,49,M,1174142,ULIP,9,31289,1,2024-04-29,2,5,0.53,1,8,13,1
ec020977-71ed-4251-9c38-7efcce55d732,41,M,1335362,ULIP,12,71423,3,2023-05-19,1,9,0.34,17,4,159,0
36a6cfc0-c782-4b36-b7ba-8b2993fadf33,32,F,803393,Term,20,16335,1,2020-11-22,1,9,0.87,15,7,151,0
ed010a76-dbae-4bad-856d-c6abb3c8ce30,18,F,1075712,Whole Life,18,76563,3,2022-10-07,5,7,-0.7,18,15,17,0
29978e61-3a9d-4459-9ed8-32d9f6f0fa54,55,F,914179,ULIP,23,58713,1,2023-11-09,1,6,-0.16,6,2,94,1
6a6b8767-4b65-417c-a565-59997a2c0257,64,F,926721,Whole Life,10,87660,3,2022-04-04,2,7,0.78,7,7,29,0
5746b6ec-f9a0-4797-8836-27d743289b79,43,M,612121,Term,15,51788,3,2020-06-26,5,9,-0.33,0,2,86,1
fa1a7e42-2d91-4948-93da-d5ce3ce25666,28,M,491275,Term,24,89950,2,2024-01-09,2,10,0.28,0,3,1,1
ba6f5ae2-e123-460c-a721-eda58350196b,31,F,845386,Whole Life,15,33070,3,2020-08-26,5,4,-0.88,6,4,166,1
6d744205-202e-4e81-b1ee-16ac739ea125,24,F,1260644,Term,6,94365,2,2022-12-09,4,10,0.36,17,8,56,1
212c64e1-7fee-4287-bee0-43210ea90491,25,M,636806,ULIP,9,26447,0,2023-01-15,4,1,-0.4,2,11,156,1
8e5f6dd0-ea79-4818-80ec-f9f90b71ae64,49,M,720549,ULIP,23,67516,0,2022-09-08,4,8,0.16,11,13,48,1
04188fea-dc88-4dd7-bb20-a09375ee1564,28,M,1130201,ULIP,13,58211,1,2021-03-01,5,3,0.46,2,13,33,0
ae39b8c2-f527-40ac-b976-ec5e1425a6f0,20,M,314796,ULIP,19,82939,3,2024-09-23,5,2,0.79,13,4,123,1
09c39b26-150b-4f75-a183-bad756661956,54,F,361640,Whole Life,5,86727,3,2022-09-01,4,9,-0.8,16,7,115,1
1aa1fbf8-1d67-4e0e-98a3-e0be439f4779,23,F,533681,ULIP,15,37527,3,2020-06-17,5,2,0.55,2,9,168,0
4ef5f652-ff45-4d4e-890b-11c866be7389,54,M,355393,ULIP,9,87689,3,2023-05-06,1,8,0.06,12,6,13,0
ab876059-58bf-43e1-babd-ddb6eddd15c2,54,F,829953,ULIP,15,48260,2,2020-12-11,3,6,0.25,3,7,44,1
f753a9a1-83e2-48a3-86c9-a3a01a497679,39,M,807563,ULIP,8,38495,1,2021-02-16,5,2,-0.67,4,8,145,0
cbe4b762-2eb9-4f11-bbc1-c8537c3a6b6d,45,M,755008,Term,9,53186,2,2023-10-11,4,0,-0.67,4,4,65,1
e3150b80-6f71-4725-86d1-77730bcc4da3,23,F,965863,Whole Life,22,35978,1,2021-08-27,0,7,0.03,4,0,20,1
2df7b220-a1c9-4004-8a35-f6bffae0ba63,44,M,994160,Whole Life,12,28093,1,2022-10-17,5,8,-0.71,17,0,171,1
b501e60d-a2c7-4182-a0c7-f0a5fd1b3a17,25,M,731243,Whole Life,19,63028,2,2021-12-01,2,7,-0.03,16,0,14,1
ccaa6b67-0005-4938-8434-2a7757214373,24,F,1429894,Term,24,19196,2,2024-01-18,5,1,-0.35,17,13,8,1
ba3bd66c-a435-4f5b-ac62-a06cde0e485f,19,M,763814,Whole Life,6,79992,3,2021-05-09,5,8,-0.49,9,9,158,1
e87bfce1-e295-4ce4-a3aa-4e172d1f0171,33,F,1037594,Whole Life,9,25387,3,2021-08-18,1,0,-0.59,5,7,111,0
0f81ac88-2d19-47ee-8cc8-96db97c6d627,59,M,1001319,Term,10,12970,2,2023-02-12,1,10,-0.12,20,12,15,1
439228fb-0e27-4608-91f5-ca7c7bf01342,32,F,1181779,ULIP,23,98900,0,2021-08-11,5,3,0.7,0,6,142,1
88cb1720-c53f-4dd5-95b0-f7764603a25a,19,F,716687,ULIP,15,83278,0,2023-01-08,0,1,-0.78,19,14,80,1
7307f424-4147-4e2a-aed2-b4f94a82960c,60,M,1142223,Whole Life,15,46216,0,2024-10-01,1,0,-0.25,15,11,165,1
af721eb3-4a2f-4828-a366-eba1f39b8617,52,M,1407729,ULIP,14,72864,1,2023-07-02,5,0,0.63,17,13,54,0
1eb8e623-54c6-46af-8767-018fc739c6c9,62,M,341386,Term,20,35028,0,2024-04-04,4,6,0.27,4,6,87,0
19a554d6-a5a9-41b3-b3be-3359206c6624,33,M,728953,Whole Life,5,67115,3,2024-12-26,5,8,0.62,19,13,134,0
da8a0e95-7a80-49cb-94bf-1ee838ea5d52,43,F,738240,Whole Life,23,40906,3,2021-11-12,0,7,-0.64,16,8,0,1
077d8778-25e3-404e-a449-2990b622db12,47,F,1342667,ULIP,15,77206,0,2022-04-25,1,8,0.26,1,5,126,1
8199558d-bbe1-4ac1-9f02-bf6af06441df,24,M,503604,Whole Life,25,76236,3,2022-02-11,5,4,0.02,0,10,13,1
0e9c9982-44f1-4482-bd66-3d87e9ca8cb4,35,F,777282,Term,13,48064,2,2023-01-29,1,9,0.19,17,5,91,0
08058c43-06c4-4159-bb66-91364725f2de,27,M,412563,Whole Life,12,61573,3,2023-01-27,4,5,-0.12,18,12,12,1
50de7b3f-031f-4865-8947-ec60abbb9712,53,F,907620,ULIP,11,50425,0,2021-04-12,4,4,0.08,3,14,108,1
0831edb8-d86c-49b2-8932-af0152a1744c,52,F,396981,Whole Life,16,57189,2,2020-08-21,3,9,0.39,9,2,25,1
43dea015-bff8-49d3-bf66-aa7fb750ad34,20,M,1258744,Whole Life,21,89597,3,2020-06-16,2,0,-0.47,10,1,124,1
1f7caeb8-6484-426a-9285-f50e9eb0f010,34,M,532170,ULIP,13,29225,2,2024-01-13,3,3,-0.35,18,9,66,1
681931d9-db95-4cbc-823e-df5f3a1966ec,21,M,940152,ULIP,14,73607,1,2020-07-05,4,10,0.3,1,2,139,1
45cfbd39-1f15-438f-996f-3d507c3834bf,52,M,421935,Term,18,89288,2,2021-08-26,3,3,-0.31,17,2,99,1
5c685fa3-9c3d-4cfc-8d85-4d90029df5c8,60,M,853823,ULIP,15,13723,0,2024-12-16,1,3,0.3,19,5,46,1
d88675af-e1c4-43bc-bf37-bbea3615b894,51,M,1119142,Term,16,67120,3,2023-06-07,1,0,0.87,18,0,106,1
4137b799-f60d-4232-9ba6-284ba0bec516,70,M,644442,Whole Life,11,55222,1,2022-03-01,5,9,0.29,0,1,103,1
82c2f417-f1bb-4eda-ac8a-e1a6dc494524,40,F,1269873,Whole Life,9,47541,1,2021-04-30,3,2,-0.85,14,5,45,0
c517252c-73f1-4fa0-b898-05f66fe57bcb,62,F,702335,ULIP,22,92576,0,2021-01-06,3,0,0.96,11,5,70,1
851abea9-eef8-4447-aa17-a78b8d3cde20,66,F,1120674,Whole Life,20,74134,3,2024-05-18,5,5,0.75,20,12,143,0
7b684170-cace-4aa3-ae15-cee31475113d,50,F,1075023,Term,17,82144,1,2021-03-25,5,5,0.31,11,6,128,0
7b9faa8c-a47d-463b-a59f-ac4834a4960f,68,M,1289838,Term,20,88589,2,2023-04-28,1,9,0.58,19,4,47,1
607a0a25-f336-4381-bacd-5e951e465789,57,F,497736,Term,9,22325,2,2021-07-04,5,0,-0.71,0,13,139,0
facf434e-e9f4-419d-9510-0f737f809afb,45,M,588653,ULIP,24,33660,3,2024-10-21,3,4,-0.74,0,10,12,1
c0ef3088-a59e-4649-a333-950aaa8ebede,57,M,603164,ULIP,17,48191,0,2020-09-15,0,2,0.19,2,6,26,1
6c756ac1-7047-47ec-b341-b44e208fd1b9,43,F,1105442,ULIP,20,71335,2,2021-09-26,0,8,-0.92,20,9,154,0
9aeaee75-ef47-4cb9-bfa5-5068b857db0c,51,M,1083772,Term,10,64481,3,2023-07-26,5,6,0.64,5,10,70,1
e16566ec-5aa5-4855-985a-e828dd119558,34,M,563164,ULIP,12,23148,2,2020-10-09,2,7,0.86,4,0,63,0
8e0a470e-281b-4c67-a780-dde30dd70c7e,41,F,550160,Whole Life,24,93968,0,2023-02-04,5,9,0.84,17,12,79,0
27f43007-a86d-4046-bc8f-7f210f245998,28,F,1485256,Whole Life,24,48262,0,2023-05-22,3,5,0.43,17,4,67,1
29f9b4bd-7366-492d-ba8d-bb9ee736201d,25,M,760496,Whole Life,14,61026,0,2023-04-09,5,7,0.86,2,12,15,1
5fe26f54-0990-4965-9010-ec18dbca3dad,26,F,318245,Term,10,60456,1,2020-05-22,3,6,0.34,12,11,118,0
ddaa208a-7394-4be7-9f9f-2ca45a65ccc6,70,F,1258220,Whole Life,15,62452,2,2022-01-01,0,5,-0.66,10,2,174,0
2017e852-55c2-4e3c-8a01-151b37ba2d5d,64,M,876609,Whole Life,8,20466,2,2024-06-17,5,1,-0.09,16,5,153,0
dfd177a1-05c3-4880-811f-12f0d3372024,21,M,901856,Whole Life,5,95955,3,2023-01-29,5,3,-0.88,13,6,9,1
a600e2e1-10b9-4364-8305-936cc2970d15,29,F,1326339,Term,19,77902,2,2020-10-03,5,1,-0.7,7,12,60,0
669272d9-760f-4245-bde3-3ec08147385c,69,M,373351,Term,7,36453,3,2020-10-20,4,6,-0.56,12,11,152,0
4adaf5c1-60b6-4107-a10d-2b1490b9c75b,56,F,482692,ULIP,9,92985,2,2024-08-04,1,6,-0.26,8,9,13,1
7390be86-e750-4565-a597-2eeee0c19588,55,M,953926,Term,22,65878,0,2023-12-31,5,0,0.86,19,8,46,1
d0fa35e6-22a1-4207-a2b0-4ef0e11250ee,70,M,1487251,Whole Life,25,40836,0,2022-06-25,4,1,-0.41,1,7,61,1
f2917909-dcb7-4776-9873-6be4c079a1a4,22,M,935205,ULIP,20,23408,1,2021-04-26,3,9,-0.85,14,7,135,1
4ca2eef1-5eb9-42aa-bd25-14a8e08dab63,51,F,426353,ULIP,25,45615,0,2023-07-06,0,8,-0.15,13,15,1,1
b003b59a-9b30-49e0-8523-457740b79691,63,F,441304,Term,14,51617,2,2024-01-25,4,8,-0.55,18,9,179,0
f184b0ec-3be6-47d1-a21d-9eddf722701b,40,F,609173,Whole Life,18,37053,1,2023-07-23,4,7,0.13,8,3,100,1
fc2dd99a-dea5-486e-8c8f-9c21e2e66fe1,18,M,1170253,Whole Life,24,72469,3,2024-11-04,2,3,-0.66,2,1,46,0
39602a86-ab56-465c-b5fd-09a7817da959,39,M,531331,ULIP,8,39511,1,2021-05-21,0,10,-0.77,9,15,69,0
ba48a70c-46d8-4960-8d94-64e6f68d5f03,35,F,1033085,Whole Life,17,75666,1,2023-11-13,3,0,0.92,15,12,170,1
3da1deae-dd62-4f85-a8c8-af5ef8134053,51,M,1275211,Whole Life,13,65572,0,2022-04-08,4,8,-0.62,7,1,5,0
3917f6bd-ec77-4b48-be59-00f8a09b85cc,43,M,512277,Term,21,90186,3,2022-04-04,4,6,0.97,18,4,123,1
696cedfa-e1d5-411e-8588-240ead174565,30,F,792872,Term,23,72199,0,2023-08-05,5,0,-0.01,3,14,170,1
646d134c-3608-467c-9cc9-0e46a25856f0,38,M,862433,Term,16,66473,2,2023-11-25,3,5,0.29,19,14,167,1
b6a0ce12-f156-4a22-8695-d2b73e501fba,18,F,1224455,Term,7,49747,2,2021-12-29,4,8,0.03,9,1,138,0
5c16c90b-a85e-4cf1-aeee-0222cd1956b0,30,M,594796,ULIP,21,59775,1,2022-07-29,0,0,0.61,1,9,32,1
d74d88ce-2c9f-420a-af1e-c46310a24b6f,55,M,885710,Whole Life,23,46261,2,2022-07-11,0,6,0.71,1,7,116,0
d1dbd362-4a96-4ea9-b027-05b6f0efac88,21,F,498490,ULIP,25,75014,3,2022-07-24,5,8,0.39,13,1,154,0
d289f1b2-b53b-4579-b8f6-b111c3e902d6,66,M,790849,ULIP,7,48934,0,2022-06-27,2,10,-0.92,11,1,127,1
acd2c560-d003-4610-a06f-31a9b7516b03,54,M,1258002,ULIP,25,49181,1,2021-10-18,5,3,0.64,0,12,9,1
102bc802-4341-4dbb-b49f-3a4458775a8a,60,M,1432957,ULIP,13,23831,2,2020-03-25,0,4,0.35,9,8,106,1
fb0e8588-91ed-401b-a241-50cf12ffc508,61,F,420973,Term,17,78334,3,2020-07-28,4,10,-0.31,19,6,37,1
0e29bf68-9470-49f2-aa3f-19971b66642f,60,F,1164105,Term,7,27850,0,2023-12-20,5,9,0.87,18,12,45,0
3ec43322-8f96-4313-95ad-3f2e6324a16a,49,F,542448,Term,22,25835,3,2024-04-08,2,1,-0.98,11,4,128,1
1643186d-b718-4c42-8e3d-1eb871f67257,34,M,1089334,ULIP,25,79365,1,2024-04-21,4,6,0.16,14,3,126,0
4e42f9d7-1d54-4de0-b8b8-7cdfe2498898,52,M,1334956,ULIP,25,40532,3,2021-08-27,2,9,-0.21,12,2,128,0
759d8e6c-1575-4c44-a3c5-e359bb36e06c,46,F,1013697,Term,16,30371,0,2022-04-26,4,2,-0.81,7,0,66,0
3f2daa9d-6565-4330-94f4-59095cf8d854,30,F,465749,Whole Life,19,19309,0,2020-03-16,0,10,-0.37,10,15,18,0
c2dcc8f6-1142-4faf-9789-74db7f2b2299,58,M,670164,Whole Life,18,25013,2,2021-06-14,0,8,-0.29,11,14,108,1
02e30ffb-c051-4564-a953-9ea902ec3906,27,F,1165332,Whole Life,17,74256,0,2022-03-15,2,9,-0.1,4,12,161,0
9d92b3bb-4e38-4dde-a631-e1227b011d1e,47,F,1457050,ULIP,23,49735,2,2021-01-11,4,3,-0.96,6,3,93,0
7fa71ed1-4909-4435-aaa2-6ca8e0092847,67,M,303751,ULIP,10,34512,2,2024-07-24,5,5,-0.53,10,12,113,0
cd03bd9c-ad75-43b3-bfed-d680267a2799,61,F,385756,Term,11,56912,0,2023-03-19,3,1,0.94,16,13,10,1
bd2d6181-3344-4092-a0b8-37262f1dc986,51,M,346984,ULIP,14,30304,1,2023-11-06,1,0,-0.33,7,1,164,1
82565965-d748-4067-ae26-8d6dc420cc22,23,F,549327,Term,19,67959,2,2020-11-16,5,4,0.49,8,7,158,0
9932fa92-c292-40f6-9416-bf4a96457910,39,M,328669,Term,16,26780,0,2022-04-20,0,0,-0.07,10,9,157,1
e39b5927-8c31-4303-b3a0-eaaf1daf0030,54,M,438452,Term,13,99015,0,2021-02-18,3,7,-0.93,15,15,110,0
3d517235-2027-4ebd-8b5e-a85a8a95d2cc,66,F,1408115,Whole Life,25,25795,1,2023-12-09,0,0,0.37,18,7,157,0
d01c7117-1219-48f9-b605-562538843fc0,70,M,412231,Whole Life,6,23993,3,2024-10-14,3,9,-0.23,3,13,161,0
b4d13027-bc6d-4545-ad68-d5998a601edb,18,F,1006607,ULIP,14,60381,1,2023-03-17,1,7,-0.59,10,5,147,1
72ca1482-bd5d-4c87-9b15-158770b0e5b8,20,F,1422909,Whole Life,25,58336,2,2024-01-15,3,9,0.62,17,0,3,0
8b44bcb1-43ac-4893-a6ca-6f2a37087684,54,M,1457518,Term,21,21431,1,2021-03-18,3,2,-0.03,0,5,17,1
46f40504-d4f6-4991-a2c9-a3234af281bf,43,F,1494636,Term,14,77498,2,2022-11-01,1,7,0.14,1,14,76,0
18c03053-a1e4-4fe2-bc38-8aee98d9fb01,57,F,325577,Whole Life,9,98248,0,2024-04-04,3,1,0.37,11,10,72,0
d7e0019d-27a5-4e8a-9bbf-d0015d8d6e07,29,M,1052951,ULIP,21,40184,1,2025-02-09,5,3,0.55,15,14,61,1
0a46d192-6c04-44c6-9369-8158f0c72401,60,F,646239,ULIP,17,59119,2,2020-05-08,0,4,-0.68,10,0,143,0
321b3bd6-6e4f-44d9-8f60-9655e50b206b,39,F,1011232,Term,13,79772,0,2021-06-08,5,7,-0.31,18,11,127,1
56a21ea5-1d71-4d3b-8d34-36751d1902eb,68,M,390077,ULIP,5,33343,3,2024-05-02,4,6,-0.47,6,4,172,1
74c2a4e9-3a2b-4cc9-9f0f-71af77ff4b41,33,M,337462,Term,5,41400,0,2022-09-03,1,9,-0.49,15,5,39,0
b064d6c7-8c23-478a-901f-4e03d97488ef,70,M,938816,ULIP,25,20289,1,2023-04-24,0,0,-0.88,8,12,42,0
808d691f-bc24-4452-9c39-2789ab5d556e,38,M,814776,Term,8,35796,2,2021-11-04,0,1,-0.97,8,12,34,1
0cf7657c-8164-440b-acca-e12303a11d58,26,F,344623,ULIP,24,82092,1,2022-03-25,0,8,0.81,20,3,104,0
ee477fe2-b12f-4b4a-b2a8-9745e8de4ad9,41,F,1454098,Term,10,90440,2,2023-07-01,0,5,0.44,7,11,153,1
91d41360-98bb-488e-b23b-f09e4708bb25,70,F,1009695,Whole Life,14,93559,2,2021-05-06,4,9,-0.45,7,4,137,1
2030c046-5464-471e-aaa7-c62b903588d6,42,F,987121,Whole Life,14,73117,2,2023-11-10,5,4,-0.07,14,3,4,1
21975975-10e5-4f1a-b7f8-ceaf95e6fccf,62,F,1326432,Whole Life,23,97239,3,2024-08-24,0,10,0.65,6,14,22,0
6f14acf8-0792-4c0a-986d-aa1567cfb677,61,M,1474180,Term,12,93772,3,2024-02-09,4,2,-0.6,10,15,74,1
3f007476-aa30-4d45-bf3b-220e104f6d43,67,M,430051,Whole Life,14,35222,1,2023-12-16,2,5,0.5,19,14,160,0
5a26ae02-58cc-46d0-b280-10089ecd91c5,38,F,556825,Term,5,86369,0,2023-09-27,0,7,0.08,10,9,147,0
56f2384d-b88c-4bb3-8b52-7781ff36801b,43,M,760503,Whole Life,7,38073,2,2024-04-16,0,9,0.32,16,4,168,1
28fd992a-a9df-44d2-b59d-75fc20d22970,24,M,789136,Whole Life,19,99917,0,2024-02-27,5,2,0.42,9,5,81,0
fbd444bb-fba4-4e33-aa3e-5122f50ab64a,39,F,1410557,Term,7,52604,3,2024-06-25,1,4,0.45,2,11,178,0
b16ca7cf-438f-465f-baf1-7c8a2c22b0a9,31,F,1290268,ULIP,20,60116,0,2023-07-11,1,5,0.76,4,6,109,1
76b77e1f-4784-4c3b-b803-b17be5540253,52,F,674553,Whole Life,17,98878,3,2020-11-04,3,1,0.14,3,15,55,1
39e5e9b8-be96-49cb-a7c5-776e5a49236f,47,F,847874,Term,18,65713,3,2023-09-09,3,0,-0.04,14,11,124,1
7e9886df-7624-4957-95f7-5c2cd37917ed,70,M,686504,ULIP,22,42134,0,2020-08-22,0,9,0.69,7,15,110,1
c451018a-cbee-4df3-b9f3-54c440140cdf,31,M,1165855,Whole Life,7,13028,1,2025-01-07,3,8,0.44,5,5,75,1
01fd204a-68ea-41c7-aaee-03994981df94,20,M,609884,Whole Life,21,11461,3,2023-02-17,0,0,0.38,10,12,122,1
5157d7e5-5c33-4a40-a230-cb4fc74ac929,68,M,1211094,ULIP,10,39722,1,2023-09-07,0,3,-0.23,17,6,92,1
8cff52cf-e8d9-4d9e-b9ec-3eec768b34df,30,F,677739,ULIP,22,74264,3,2023-04-05,0,8,0.77,6,6,148,0
4dbacb78-3b8e-4eb9-81d5-96495d0c65c8,43,F,796869,ULIP,9,69492,3,2022-12-24,4,0,0.37,16,1,47,0
57af84b4-9249-42fe-a9e9-21519b248d71,35,M,1124266,Whole Life,15,87985,0,2021-06-15,1,7,0.4,3,4,155,0
ec96b9d2-5df5-4bda-a752-558a3a487137,23,F,588791,Term,6,12164,0,2021-12-06,5,7,-0.86,6,1,35,0
22934759-27ce-40f6-859c-a0a30936ff55,68,F,780392,Term,11,62321,2,2023-11-18,2,5,0.91,13,5,168,1
d5dbb14a-e3f8-47a6-bca8-624748a1f214,68,F,806869,ULIP,16,26623,3,2020-03-22,1,5,0.01,19,1,34,1
e8bb31b4-29d7-45ec-b769-8eae79ea28a7,65,F,357643,Term,21,46480,0,2020-04-14,0,6,0.15,6,0,119,0
d680ebfc-bd7a-4b55-ad55-c91ca728cad9,25,F,361587,Whole Life,22,48461,1,2024-03-17,3,0,0.96,17,3,0,1
f87ec3f7-b3c5-4359-ba5f-7e63c840c7c1,20,F,1314368,Term,14,51032,2,2021-02-17,0,5,-0.87,14,9,113,0
8edc822d-fb9c-49f8-aa2d-a1c48d36d5c6,46,M,1112807,Term,21,91198,1,2023-01-25,1,10,0.67,8,14,88,1
74457d6d-9bed-4baf-a88c-2efc49619b6b,46,F,969090,Term,23,22783,2,2021-08-28,4,7,-0.95,1,9,33,1
2695f8c7-bb34-469a-a1cc-1109e42d9913,20,F,567386,Whole Life,23,78834,0,2020-10-09,0,7,0.51,4,0,121,1
5ba1fe80-0864-48a4-838b-088dcdfabba1,52,M,852615,Whole Life,16,81224,2,2020-11-28,3,4,0.45,7,5,11,0
89cc6b84-2fce-438e-a9de-e3ac7ea546db,37,M,323247,Whole Life,19,42951,2,2022-04-16,0,6,0.2,14,9,176,0
132d42f8-13c7-48c1-8a0f-9c1d229a4d18,47,F,945695,Whole Life,14,84866,1,2020-11-04,0,7,0.42,12,6,54,0
54f09fd6-4208-4be3-a1da-65a36ea84c6e,60,F,323963,ULIP,17,85768,3,2024-10-09,5,4,-0.96,17,9,138,0
238d27e2-e3c0-4ca4-b288-22e715193e09,66,M,764970,ULIP,22,79105,3,2022-04-01,5,2,0.51,2,7,114,1
4f2e572d-8efd-4f76-960d-6331858d60de,54,F,1067413,Whole Life,5,90515,0,2024-04-12,4,5,0.42,4,7,148,0
38cd9f6c-2d89-4deb-ac15-791d179bb724,29,M,575621,Whole Life,25,17818,2,2023-04-05,0,9,-0.04,10,7,11,0
bda9c47a-51ce-4fe4-a572-d67d10016230,35,F,679903,Term,20,25393,2,2020-05-16,0,4,-0.16,16,14,121,0
04dc3e8c-9c63-4ff6-a73b-cca371a84f4e,21,F,904899,Whole Life,11,84519,0,2020-04-10,4,2,0.25,9,6,159,1
44a44020-31cb-441a-8cc6-1ca091126e74,29,F,392470,Term,17,80165,1,2021-06-16,4,9,-0.65,4,4,113,1
01d969ef-6f8b-4494-998c-5379dbba75ea,66,M,525348,ULIP,24,61751,2,2020-10-31,4,9,0.68,6,5,115,0
6574279a-57d1-4ea9-b1a7-904fbd1ef6be,46,F,697722,Term,19,19887,3,2020-10-31,4,7,0.85,2,0,59,0
54953e2c-944e-4b19-99cc-34820291aef0,35,M,958938,Term,6,59267,3,2024-05-05,5,6,-0.75,6,11,169,1
5bb2a239-81e4-4cf9-b19b-e5744ecec775,64,F,575979,Term,16,73725,0,2023-06-17,5,6,-0.49,7,15,139,1
585ea9e0-5d74-45d2-821c-46e4a8324ded,19,F,627339,Whole Life,14,51460,1,2024-09-04,2,5,-0.12,19,12,61,0
6d4c2568-efd4-4fce-b6c1-0ec824ab81c2,52,M,1262164,Whole Life,19,17994,2,2020-08-26,3,5,0.41,16,13,63,0
136fbe7d-e97c-4158-b7b2-61cf9c315269,29,F,1339161,ULIP,13,24605,0,2020-10-19,1,0,-0.32,7,0,83,1
b75fd428-45aa-41a2-b634-b4f32890c055,53,M,308036,Whole Life,21,67330,2,2024-06-02,2,7,-0.49,18,5,4,1
2ee40557-2c70-4d55-bdc7-0f7d1318de47,27,M,1146866,ULIP,12,60654,0,2025-01-03,4,1,0.36,17,6,105,1
5950e24c-43ce-4c84-8c9b-bc74a3904145,69,M,474607,ULIP,6,82812,3,2023-02-06,0,9,0.04,15,4,117,1
c65152c1-f3bf-4e99-abb4-643b8bc79b5d,19,F,726772,ULIP,7,29608,3,2020-07-25,2,3,0.03,3,7,95,0
01f21535-80bd-4ccd-a436-6e581f530ef1,40,F,1465475,Term,21,83005,0,2020-07-18,5,6,0.27,1,1,60,1
4f35673a-3f03-44b0-beec-a85b9cfb1a71,65,F,491914,Term,19,85217,0,2022-11-29,4,1,-0.38,14,8,38,1
4525110a-c6e6-4b7e-9a55-bf4b2a12c0fc,59,F,1496553,Term,15,26244,1,2024-08-03,2,2,-0.62,4,15,155,0
3ae34fd7-6788-4e7f-81b5-6ebc7d283f76,60,F,937574,Term,10,51064,2,2022-07-28,0,9,0.89,5,14,18,1
f6c145dd-c617-424c-bf0f-5b3e058d65e8,25,M,1142022,Term,15,93121,0,2022-05-19,2,9,-0.28,3,1,131,0
0f313ac2-f51d-4c8c-88a1-e6639b2c77b9,33,F,1325554,ULIP,23,72482,3,2024-04-13,3,6,0.84,8,6,54,0
6f53ac57-575f-4b67-8255-88d26e1ac851,31,M,471858,Term,13,78772,2,2022-04-02,1,1,-0.69,9,11,170,0
17b5671c-e7c7-4b38-9649-4708ad8acac2,18,F,1056438,ULIP,19,59035,2,2020-04-20,0,5,0.72,16,11,129,1
91c4172e-ff89-44ab-8ada-e1c1502f0e34,47,M,1152017,Whole Life,18,71592,2,2023-04-07,5,2,-0.17,7,8,102,1
6fa1ac1c-6198-4d2c-bdc2-fd9c2f4d4fa4,21,F,675021,Term,18,82413,3,2022-04-19,5,6,0.7,14,11,67,1
b4f132e5-b511-4f72-90b4-63293ea80f0f,52,F,1475035,Term,7,38388,1,2022-10-13,4,5,0.89,14,5,80,0
c64b9d68-5f15-4b12-823d-81b19535bbdd,51,F,1496738,Term,12,15938,1,2023-06-01,0,3,-0.99,15,6,17,0
f1f048c5-4f4d-4c5b-a600-76ea74766c41,47,M,1107454,ULIP,15,68757,2,2021-09-05,4,8,-0.72,9,3,115,0
4c8ad6d5-3166-4aa7-8959-33a5eceda24b,22,M,1106578,Whole Life,7,14652,3,2022-05-16,0,3,0.11,9,13,160,0
efb48f11-2cc2-4940-866b-529c6057b3f9,55,M,1261221,ULIP,11,12276,1,2022-07-08,2,0,0.93,5,6,170,1
362b0a35-7cd3-4031-8e8d-4e96877a6595,35,M,350239,Whole Life,21,81335,2,2020-12-26,5,1,-0.67,9,7,55,1
a7fa0eab-9fa3-41ca-92ec-aa2fea23d6ba,42,M,1474699,ULIP,14,60903,0,2021-08-03,5,9,-0.18,13,9,23,0
1664be47-fee2-4f5c-b7e5-d37412f74c1e,53,F,487038,ULIP,16,48701,0,2022-10-15,3,6,-0.15,16,0,55,0
46e7b5cb-5fbb-48aa-8ab9-bb87c6f2afa3,46,M,749790,Term,5,94362,1,2022-10-26,4,3,0.15,19,15,128,0
ba730654-a5f1-4845-baf9-74fe91faba57,40,F,1196510,Term,17,89034,2,2023-11-25,1,6,0.91,9,2,45,1
33dae27d-b1ee-4c0c-9397-35c18dce3ae1,27,M,1184742,ULIP,22,89640,0,2024-05-14,5,3,0.53,17,0,45,0
387422bb-aae9-40ec-84ad-156585a1d3ee,68,M,795974,Whole Life,14,86969,3,2024-02-29,4,5,-0.52,9,10,143,0
62ea27e8-9c5d-46d4-b03a-e304cc72c7e1,60,F,1394334,Whole Life,12,27704,0,2024-03-31,2,7,0.96,7,3,29,1
1f4b52c3-9cf4-4fab-b6c7-e54c30f13c3d,24,F,1306755,ULIP,6,55002,3,2021-02-23,4,4,0.25,7,9,99,1
36e20056-51b6-4963-853c-575717986b61,59,M,601126,ULIP,13,18667,3,2023-06-23,5,6,0.4,5,0,0,1
07d0156d-3bf2-4770-a0ec-24cd61366b9f,67,M,572937,Whole Life,13,41748,2,2024-05-12,1,7,-0.65,17,14,25,1
54ecfece-93f7-457d-a9be-6f6235b76585,40,F,421121,ULIP,8,13707,1,2022-02-17,0,1,0.19,12,7,92,0
b3620c9c-8e51-4b35-a084-bd88d53f7cc0,43,F,751611,Term,22,89781,0,2024-04-23,0,4,-0.61,19,6,112,1
a9d0777b-63e3-4430-84f4-eb5c727838d0,32,F,1261736,ULIP,8,64778,1,2024-10-29,1,1,-0.99,14,5,176,1
d15724a7-b71e-426d-a3d0-7f40b1c811c6,37,M,663538,Whole Life,24,10191,0,2023-01-08,3,9,0.04,1,10,89,1
ddb2c2a6-3e2c-4107-a476-3c7dc3fc750c,36,F,1403666,Term,6,61062,1,2020-05-30,5,10,-0.09,0,12,72,1
435da040-3633-4961-9b72-1b66cd5c9e73,45,M,558158,Term,12,37176,1,2020-07-12,0,7,0.23,4,9,9,0
54935c50-d3a6-44f8-831b-3768739fd2b5,42,F,822656,ULIP,15,61797,3,2024-07-22,2,7,0.55,4,6,25,1
799b31fe-4ef6-4ada-918a-e9d77fd4b6a2,29,F,1379733,Term,12,64362,2,2020-08-13,1,5,-0.98,19,6,30,0
c01cb529-4412-4c5f-a343-33ea0f3ddb16,51,F,340563,Term,15,23360,1,2020-08-24,2,6,-0.46,9,11,22,1
fccf9a0e-1c1f-433b-a725-04272efac1dc,51,F,1073226,Whole Life,6,59559,1,2020-04-03,2,2,-0.06,16,7,105,0
26df8ebf-ee72-4b1c-bf5f-a6fbf5bff292,21,F,869706,Term,5,79780,3,2021-05-16,0,8,-0.56,20,3,141,0
62434d03-d2fb-41c0-8106-03206ec2348c,50,M,1233931,Whole Life,12,66642,0,2020-03-14,0,1,0.38,16,15,170,1
0da77a3a-9d08-42c4-8b46-8ccf2c542d7b,54,F,361179,Term,6,73556,3,2024-02-07,3,6,0.47,6,1,15,1
a7466037-2ff7-4d1b-a12e-5c62061ec39f,70,M,1286773,Whole Life,7,32641,2,2025-01-19,5,7,-0.04,20,10,169,0
18a2a210-4d28-4a34-97c4-bb070e1f6d92,50,F,1244167,Term,5,23301,2,2023-09-11,1,10,-0.84,18,15,52,1
fd2af9ab-781d-4d82-a09d-d09a21b3f1df,60,F,446682,Whole Life,10,14825,2,2022-10-07,4,1,-0.34,0,14,104,1
ede3238d-d41d-4d18-b075-b37163ca954f,38,F,1145392,Whole Life,19,37413,3,2023-10-31,4,5,-0.02,18,3,145,1
399d2e84-e5b8-46d2-9a6d-e6d2312f1b87,64,M,935961,ULIP,24,67422,3,2020-10-21,4,5,0.37,15,15,81,0
eab33c29-7805-4eca-9ff6-1e2ee7037863,35,F,664660,Term,15,41658,2,2022-09-11,3,5,0.56,5,4,83,0
9ada2044-9bd5-4982-a445-3fb39c4e08d0,45,M,1220379,Term,16,34236,3,2024-06-10,0,9,-0.17,20,10,91,1
7806df9d-d906-4ec4-b7e0-65d028e40c03,50,M,495920,ULIP,15,80110,2,2023-06-07,3,2,0.74,19,4,100,1
27b12154-c8fb-4b0d-88bc-e7a9d326db6d,31,F,1271829,ULIP,21,33499,0,2022-10-07,1,0,0.88,1,8,155,0
9c1175f0-9f80-45f7-904c-58ddbc5ca4cd,22,F,1343377,Term,8,91207,2,2023-08-16,0,6,-0.37,11,0,136,1
57d77ca9-ff58-4a93-904d-a4aebdcea20b,70,M,413259,ULIP,22,38596,0,2025-01-01,2,2,-0.78,19,1,41,0
db9b4c58-aa3e-4aea-bdb6-5ff604996837,34,M,530876,Whole Life,14,65643,1,2021-09-11,2,6,0.77,7,14,66,1
93b70af3-2edd-41d1-a4b8-2e6ffbb67703,49,M,1034802,Whole Life,22,75853,1,2022-08-30,2,5,0.64,7,3,176,1
f4c377ee-5c8a-4733-9a53-8b2a491afbf3,67,F,1269487,Term,12,33810,0,2023-08-27,1,2,0.6,7,3,92,1
57bd23a5-f749-4b9e-ac89-9f9e2d150b2b,55,F,1375395,ULIP,12,16483,3,2025-01-28,4,9,0.67,2,15,6,1
1b4fd5ae-5a0b-408b-bd43-d232905b8aad,65,M,333061,Term,11,33377,1,2021-01-30,4,8,0.02,19,8,101,1
c851a840-1b77-400f-a8a6-04afe215b62c,37,M,725368,ULIP,9,71843,2,2023-07-07,5,2,0.21,15,5,76,0
e4019d35-b6e2-487a-9db0-25f9d8cd38d9,68,M,1443713,Whole Life,9,90676,0,2023-12-13,0,6,0.73,19,8,31,1
ac830e07-6742-4fbd-886d-35e870715548,43,M,782184,Whole Life,18,33894,2,2021-09-24,1,5,0.41,8,4,142,1
427c908b-1c85-4949-8eaa-144f47219dcf,44,F,398480,Term,15,79596,2,2024-02-07,3,8,0.11,11,15,65,1
938a5661-666b-4972-b5b3-95b7aab1c8a0,44,F,756357,ULIP,14,85715,0,2022-11-26,1,6,-0.47,15,13,36,0
4a715f72-6ddf-444a-bd79-2c142e7600ed,43,M,922537,Whole Life,22,52830,1,2025-01-27,5,5,-0.34,8,9,78,1
9039a90e-0968-43b9-8473-493c7c37001a,45,M,464203,Whole Life,16,52007,3,2024-08-21,3,4,-0.98,18,10,63,0
9c45fdcf-e701-4127-983f-a050819ba289,23,F,439116,Term,17,73460,3,2020-05-10,5,10,-0.59,10,13,39,1
c26db78c-f895-4a83-84c6-277efe5bedd0,19,M,1258352,Whole Life,5,84035,0,2021-07-31,1,10,0.27,12,13,44,0
180d239b-2788-4ad2-9a24-415746763d3d,18,F,553328,Whole Life,10,63495,2,2022-07-31,3,5,-0.24,12,1,172,1
500f6b79-0049-4834-83b8-95e4c77b16b3,24,F,418148,Whole Life,10,50861,2,2022-12-21,3,1,0.86,2,1,60,1
ac9db222-3a39-4939-8beb-2e5a4a7dd799,30,F,835799,ULIP,22,43169,2,2023-05-06,2,7,0.38,12,7,168,0
5d42be11-9b1a-4e72-8275-ff85a6675cde,21,M,1328614,Whole Life,25,11125,1,2022-10-19,3,6,-0.43,19,15,10,0
cb3f1409-86d6-4873-8b06-468e69dbf544,66,M,1310727,Whole Life,12,17634,2,2020-03-16,0,8,-0.56,17,13,8,1
ab366c86-bb76-4cfa-bdfc-9ae07060e530,35,F,467936,ULIP,19,75812,0,2020-06-13,5,0,0.53,20,1,107,0
957886a1-a5f6-4354-bca6-94f5e865c3b3,39,F,953339,Whole Life,25,11124,3,2021-05-29,2,6,0.73,3,15,70,1
c17c9492-4d4d-4cd3-957d-bb60523edac6,27,M,1285791,ULIP,20,76984,3,2020-04-28,3,7,-0.83,4,14,141,1
0f6bac10-ba01-47cd-86b7-ec06b6d16b67,60,M,398716,ULIP,22,76744,0,2020-10-29,0,2,-0.27,8,11,56,1
ee27369a-64ce-4614-85ff-0a5754fefe2c,68,F,1093813,ULIP,14,69413,0,2021-04-10,4,8,-0.22,13,5,43,0
f7e56e2b-4a9a-49cb-8aca-74cbaa6b1eaf,18,M,388952,Whole Life,24,44638,3,2020-12-01,5,0,-0.24,16,1,41,1
67e03031-19db-42af-8d72-26c3ec7c4817,29,M,716904,Term,24,62274,0,2022-03-01,2,9,0.61,1,4,111,0
8c50275f-4075-459b-9de8-23d2f9de4925,38,M,694176,Whole Life,8,27439,1,2023-06-19,3,5,0.49,10,1,88,0
0cd1e32c-deb8-4b50-bdfc-0065a4e7bd75,19,F,868256,Term,23,83529,1,2020-07-21,0,8,-0.94,18,1,161,0
28908b08-7df1-49b3-ab42-aae2e6e28513,34,M,494572,Term,6,58357,3,2020-07-20,3,3,-0.49,3,14,3,1
a7664328-00ea-4130-833d-d04dd5681266,43,M,828477,ULIP,22,74594,1,2021-03-22,2,6,0.88,7,2,90,1
f5afe199-7db4-4bfe-82e6-1340fcac05a7,26,M,1167155,ULIP,8,56766,1,2024-02-01,3,2,-0.63,7,3,124,0
d24845bf-0cfc-42e4-a8b4-e36bec1e840d,59,F,1450716,ULIP,17,78469,1,2022-12-13,0,6,-0.11,10,2,105,0
23a0d9f8-1c4b-4e25-9d11-8086b076c471,26,M,646308,Whole Life,5,68702,1,2023-03-10,1,6,0.68,17,1,130,1
89838a53-34b1-4056-9919-11a0966ea82f,58,M,1403137,ULIP,24,88565,1,2025-01-21,5,8,-0.29,3,15,88,0
2d682a1a-dc17-46dc-b0d4-25865eb7c061,58,M,1040180,Whole Life,14,31713,3,2024-08-24,0,5,0.73,15,2,64,0
73d2e62d-4b61-4757-beb6-2c5324139c9c,57,M,735546,Term,15,82538,2,2022-02-11,4,1,-0.63,9,2,84,1
7d267255-5299-4743-b9dd-4dac562e9e47,55,F,1250151,Whole Life,25,84878,2,2024-08-06,2,2,-0.15,5,15,88,0
ea1b4474-c9dc-4116-9fd5-198948522ea7,66,M,1316834,Whole Life,11,66499,1,2021-08-14,1,4,0.21,2,12,156,0
3ce8a9f9-8830-4c90-81ed-76e4e674c252,30,M,972502,Whole Life,19,65301,2,2022-02-27,4,2,0.45,17,11,16,1
7d7be7bf-420b-4819-98f6-ebe242d64720,56,F,379464,Term,22,40691,0,2024-08-24,3,6,0.21,0,1,23,1
bfcec9c1-7c9d-4595-9d20-66cbfe3c9a8b,45,M,433246,ULIP,10,71684,1,2020-10-19,4,0,-0.31,20,9,60,0
16694e44-88e3-4d54-bad9-0562e4c1990b,20,F,1229798,ULIP,15,16305,1,2020-06-13,4,3,0.36,13,1,34,0
9e24e624-5e24-4ce1-908d-36d59eba5d40,66,F,1376359,ULIP,6,27387,2,2022-06-19,5,4,-0.18,17,9,35,0
1161a1d1-9fd8-4a20-873d-dcc9f79f9cbf,49,M,1259744,ULIP,21,72095,2,2021-07-12,5,5,0.83,7,9,141,1
f3e79fdc-af31-4df1-834a-6f4da86bf3c4,27,F,1023036,Term,18,68450,1,2021-02-22,5,3,-0.85,8,14,44,1
687555df-fb68-4135-b307-3a988c63bdb3,59,F,993260,Whole Life,21,71401,0,2024-09-06,3,1,0.34,16,12,90,0
90fc09bd-f5a6-464c-b485-0069c09f3197,19,F,366509,Whole Life,22,46660,2,2020-02-26,3,10,0.69,11,10,170,1
0753537e-8232-4730-8613-b78630c733ca,42,F,658408,ULIP,17,81696,1,2023-07-19,5,10,0.68,7,4,64,0
889c1a5c-ce61-4ac1-ba04-ec6bc3d42898,63,M,628629,ULIP,9,83283,1,2021-11-23,3,5,0.48,18,2,165,1
7270ebf5-a394-4390-b352-610673cf5956,57,M,1391540,Term,10,21175,1,2020-09-23,0,6,0.53,10,0,12,0
416a9622-07d9-4e5d-91bf-cc0d0bfa671f,53,F,471178,Whole Life,7,95754,2,2021-09-27,1,5,-0.52,19,4,164,0
7f6d5fcf-6a87-4058-b8ac-5ae49d23fc49,26,M,1165557,ULIP,12,78067,1,2024-02-26,4,6,-0.13,0,2,44,1
fc7e6916-3cc4-4392-bad5-1d765cd95fda,37,F,1422624,Term,10,42729,0,2020-04-24,1,5,0.03,13,1,83,1
14144235-1c9c-4b41-95a0-d63f8032699b,58,M,756324,ULIP,22,15773,0,2021-12-18,4,0,0.87,16,2,81,0
448f9fb8-f49e-4ac5-b652-554664aaa6f9,66,M,895969,Term,13,84545,2,2020-10-11,3,4,-0.25,0,15,72,0
a7582392-9883-4503-af01-359eb9975c2c,44,F,386333,Whole Life,21,43758,2,2024-12-12,3,6,0.48,3,12,174,1
6193b5fb-418f-4048-b5f6-0a225d693158,50,M,1405181,Whole Life,18,84269,1,2024-08-14,1,10,-0.07,14,14,141,0
4575ad21-3892-472c-964a-20b0f9bfe33e,22,F,1092413,Term,19,58887,2,2020-08-29,1,7,0.71,4,2,144,1
90c06f69-9dd5-45f6-82a9-9a57f6e78ceb,48,M,494048,Term,9,56688,1,2024-01-04,0,0,-0.62,7,0,133,1
b9d108a0-560f-4227-bc7e-306a2586943b,58,M,469288,Whole Life,21,57015,0,2022-08-12,5,2,-0.52,20,5,118,1
71089238-d7dd-4e93-91de-b047bd834056,48,M,1042889,ULIP,12,87575,2,2025-02-18,4,10,0.03,1,5,62,0
c5857e35-4ecd-422a-9763-d3c46e14cf5e,67,F,1387254,Term,7,79349,3,2022-04-26,3,2,-0.86,18,3,114,0
09aa10bf-5eee-494d-8c0f-9a59aab74f8e,27,M,945249,Term,17,25340,0,2024-04-06,3,9,0.63,5,1,25,1
0c0353f7-9e10-45d0-9398-291321c3284e,58,F,638793,ULIP,23,93200,2,2021-01-22,5,9,0.16,15,9,108,0
4858bf6b-1e40-4531-a0ca-d9bf5d9b5ab2,37,F,676513,Whole Life,24,85509,2,2022-01-23,0,6,-0.09,7,2,11,0
789a6e54-c8bf-466d-b97c-7745b24c53d6,60,M,836677,Term,8,85336,2,2022-04-13,2,9,0.47,13,11,98,0
35c26653-84c9-4fc5-aeb8-3cfae8096e6b,51,F,1314139,Whole Life,22,54833,0,2021-07-04,0,1,-0.43,12,5,113,0
0b66cdbd-326f-4445-a684-a1393b3a8e4e,28,M,909713,Whole Life,24,99278,1,2023-05-17,0,5,-0.81,6,9,127,0
8e0c4fb1-44e9-4dd5-8720-a3390899535e,66,F,709256,Term,21,61526,2,2022-09-23,0,2,-0.04,4,15,145,0
c8d2cd17-c50b-49be-9730-d3d15724333e,27,M,928447,ULIP,10,51951,3,2023-05-22,3,6,0.02,14,3,115,1
47aafaf6-93e6-4e0c-a582-cc4f35c63f8c,26,M,1426153,Whole Life,6,40050,2,2022-05-27,5,0,0.16,16,1,62,1
ae15791e-03fc-4ba6-ab3d-b8211f198f0c,69,F,1299356,ULIP,10,37826,3,2021-04-30,4,6,-0.41,19,12,66,0
d06296e1-4ce2-45c4-9dfa-89e46fb67b29,67,F,898493,Term,11,39486,0,2023-07-14,1,3,-0.47,12,3,7,1
94e5a46d-6658-42eb-a388-924cd2efa33c,61,M,433341,Term,25,50704,3,2021-05-02,5,2,-0.3,7,11,89,1
89d9c6fe-2c6b-4d13-ad91-b1b7df633415,49,F,1004241,ULIP,24,23827,2,2021-06-08,0,9,0.74,2,13,39,1
043309be-32ef-4ed8-8743-afa2c3f18a48,67,F,1363981,Term,19,31785,3,2021-06-27,3,4,0.33,6,3,98,1
4e730c57-0f43-4741-a370-6f3ae285e94d,18,F,1492690,Term,20,57404,1,2021-09-09,0,6,0.47,17,0,121,0
5f88d7cb-0929-4747-b61b-cc1af404e91e,70,F,418661,Whole Life,7,54177,0,2023-02-11,5,10,-0.74,13,13,92,0
b1fc0152-ed89-4ea5-b5c3-94997217375c,19,M,518277,Term,16,27695,1,2022-07-23,3,4,-0.48,15,14,75,0
309ddd65-3ff1-4d94-b352-15044a9c608a,32,M,422171,ULIP,25,76979,1,2020-11-24,3,5,-0.5,18,3,82,1
4b2dddc3-38a7-4332-b36f-f6c761d30eeb,42,M,1471468,Whole Life,5,80021,0,2023-09-25,0,7,0.07,10,14,163,0
37073492-b6a5-4975-b09a-f56412a7bd92,59,F,455270,Term,18,63944,1,2022-06-04,1,8,0.45,3,12,61,0
fa6f77cc-70a0-4af5-8ad5-724a3e6e1fa4,34,F,1274590,Term,12,96382,3,2022-08-03,5,10,-0.61,4,8,19,0
ba485fe7-2b80-4142-a6e9-2d133cd1a510,31,F,1221064,Whole Life,6,35844,0,2020-09-17,5,2,-0.66,15,1,27,1
b1bc511f-4b8a-4921-8a5f-8b41fcd42e67,25,M,1154957,Term,14,55187,0,2021-12-22,2,4,-0.82,12,13,147,0
ea4eb393-775a-4fcd-b2ed-a9b3687357c4,68,F,1130303,Whole Life,9,89462,1,2025-02-16,2,6,-0.08,11,5,16,0
10e7741a-66e4-415d-b4b0-8d9c7c3b4ac6,42,M,1221095,Whole Life,6,31793,2,2021-10-21,1,1,0.87,1,6,104,1
756b722f-d551-45a0-aaff-bd5451ec6eb1,44,M,586451,Whole Life,19,73515,1,2024-04-27,2,7,-0.26,8,10,104,1
00874cf1-6350-4574-bcd7-532c923bc643,19,M,778855,Term,15,64456,1,2024-11-10,3,2,-0.44,2,13,90,1
c9f0d38d-dbd8-40b1-858b-e645c20106f6,69,M,783962,ULIP,7,24174,0,2023-07-15,3,3,-0.05,13,7,176,1
ebaa47aa-62fe-453b-9588-45f49936e5d1,64,F,1241571,ULIP,19,57847,1,2024-09-14,2,4,-0.12,4,8,127,0
aa05f2f4-0c31-4096-9ff3-75f8d1305b0d,60,F,756515,ULIP,5,68626,3,2021-08-26,4,6,-0.85,15,2,145,0
139df64f-630b-451f-b282-c608323d3bc6,28,F,911195,Term,15,32703,0,2020-03-19,0,7,-0.42,6,15,164,1
56101a77-b0de-4b26-b023-0f432bc4e2d5,19,F,574045,ULIP,17,81269,1,2021-03-07,3,1,0.6,10,6,124,0
b4658f76-8648-433f-b55f-be1f97f2c8d6,51,F,929468,Whole Life,10,44352,1,2022-06-20,5,9,0.67,11,12,78,1
b185e8f2-6c6e-4d23-8d5f-9265094162e2,21,F,866353,Term,12,33758,0,2021-06-02,4,3,-0.24,7,6,43,1
562d3bbe-b360-4be4-87da-cc231784851b,52,F,1416426,Whole Life,7,22411,0,2023-10-10,5,7,0.43,6,1,133,0
8b549194-7b81-42f8-bf6d-9ba65ffad633,66,F,588309,Whole Life,12,85914,3,2024-07-16,3,5,-0.51,7,5,17,1
6f1a505d-b779-46c7-bfd1-e0e1ed7eee55,69,F,1335895,Whole Life,14,45586,2,2022-04-08,5,1,0.73,15,6,69,1
6680adc3-a455-4378-9de1-1a420346cdd1,70,M,503201,Whole Life,18,53745,3,2024-01-13,5,2,-0.48,16,15,73,0
f34a44a2-cd99-4a8d-ab22-4106314c3eb6,36,F,785510,Term,10,71421,2,2021-03-20,2,8,-0.48,11,7,122,0
dfaf8a4c-ba4d-4817-84d8-b226f3434f06,51,F,821200,Term,24,40168,2,2023-01-07,4,4,-0.56,3,13,53,1
562a9515-5946-470e-917c-d5fb8b0d1027,49,M,302135,Whole Life,15,30302,3,2022-02-01,0,0,-0.67,11,3,165,1
08db5817-e81d-4363-96bf-d0d860051468,53,M,966917,ULIP,21,91300,2,2020-10-29,0,6,-0.01,11,7,59,0
88304648-4022-4ac2-999c-46d0eefaa7a5,62,M,1155674,Whole Life,23,78194,2,2025-01-30,5,2,0.56,19,15,22,0
2c9507be-5dbf-4bc5-b0da-ed9de09f45bc,33,M,914565,Whole Life,18,96744,1,2020-11-05,1,2,0.24,3,3,136,1
1493e109-a131-44b9-88da-adc7e1142c05,42,M,1392319,Term,16,46860,0,2020-02-25,4,8,0.32,13,4,27,0
22db58c1-f1f6-4b5a-b59e-facd82681bcb,64,F,422968,ULIP,24,50403,1,2023-04-27,0,9,0.72,17,2,121,1
5838dbec-a4f8-4556-89b7-00d7ff735ab0,56,M,860235,Term,6,58318,0,2022-01-28,5,5,0.33,13,0,65,0
a84cee83-4535-4a4a-8430-36bf9cde4976,24,M,1251253,ULIP,22,23565,1,2021-01-18,2,0,-0.93,14,11,136,0
6fad8b76-66a7-484b-bfdb-465d2a27ad9a,24,F,409657,Term,15,48204,2,2021-11-23,1,1,0.5,3,13,24,1
f98d760a-ef1d-4ae1-8c27-9b978f80a917,68,M,630749,Whole Life,22,77743,2,2020-08-30,4,8,-0.13,0,15,35,1
0d289e7b-425a-4f18-adac-390b78d03071,42,F,1016839,Whole Life,13,53433,0,2020-08-31,1,3,-0.81,1,2,79,1
efc76823-2a0a-4f59-9657-42e390cea076,70,M,896974,Whole Life,15,27739,2,2024-10-06,3,8,0.59,10,4,94,0
09419b4d-363f-452c-ba13-da32e21307c8,20,M,821372,Whole Life,11,82613,0,2020-12-28,4,8,-0.21,13,7,175,0
654a70b9-bbde-412a-aa9f-ca87096aa0aa,37,M,1060912,ULIP,17,54707,2,2024-05-23,3,8,0.38,7,12,111,0
6a1b6fdf-7373-464b-a838-693a4f8ce6d7,25,F,531428,ULIP,5,19421,1,2024-10-29,1,0,-0.36,8,4,146,1
8a782830-7ccb-4741-9b2a-dcf0b080034c,52,F,1239700,Whole Life,22,97355,2,2022-05-26,3,3,-0.35,19,12,171,0
ea41d5db-827b-459c-ab86-113c8feb9865,63,F,352135,ULIP,20,46413,1,2020-09-21,5,6,-0.87,10,0,102,0
5adc29dd-c91b-4258-b575-cf764aad0906,30,M,374220,Whole Life,16,73265,0,2024-03-29,1,9,-0.1,12,2,106,1
404a57eb-61b6-4a4f-b99a-3afcdbf26c94,64,M,1063555,Term,5,12642,1,2020-11-09,0,5,-0.12,14,1,162,1
d5c5915e-de66-4bba-8133-01b7d761cb3a,18,F,318882,ULIP,15,24036,2,2021-03-29,5,2,-0.91,10,3,84,0
36bd09fc-2ca4-4aab-948a-7a8f8359ba9a,69,M,605058,Whole Life,25,15282,1,2020-03-23,0,10,-0.96,18,4,116,1
2150379c-e19b-4bc0-a6d7-915a4ba4c62a,36,F,1079199,ULIP,15,69145,2,2021-02-22,3,2,-0.88,7,4,101,0
2fb3ded2-bb56-4310-a2aa-bec31873247c,20,F,1067934,ULIP,21,66674,2,2022-01-23,3,1,-0.89,17,3,40,0
350151d3-5fee-4fe5-a4c9-56cccb7dfc0d,19,M,496700,Term,11,12437,3,2022-09-28,2,0,-0.37,18,13,137,0
8bb50c12-4a60-4931-84e3-32bac7a2882f,19,M,718408,Whole Life,20,37497,2,2022-11-06,4,0,-0.59,3,10,115,0
b4dd6c6a-b4ed-438a-b5e8-dc3c41098aef,32,M,892255,Term,11,75097,1,2021-09-29,4,9,-0.57,8,8,94,1
1b956136-11e5-4cde-9085-6c65d9a3075e,70,F,1164963,ULIP,11,16116,2,2020-06-21,1,4,0.89,4,4,116,1
ca50287e-1dee-436f-843c-f010283fad54,68,M,370384,Whole Life,25,10129,3,2025-01-26,0,10,-0.89,20,2,179,1
ddb105de-5a96-4076-83f3-17cd60fc4ae9,43,F,512484,Whole Life,14,11230,1,2023-06-18,3,8,0.27,0,10,156,1
f5f59724-7702-43bc-89ed-0b232ebb060f,43,M,1432532,Whole Life,8,51963,1,2022-11-06,2,8,-0.32,4,2,3,0
1bb71778-f6ce-4227-9e99-0614e740cb0d,23,M,968040,ULIP,12,36423,1,2021-06-02,1,8,0.24,1,1,22,1
ef16a9f8-d08e-46b9-b108-c7a5bcca3b05,23,F,456220,Whole Life,6,17176,3,2022-12-27,3,9,-0.19,10,10,27,1
062ada7b-c22c-4c00-a9a6-71d39a3f657c,23,F,1222583,Term,22,51625,0,2023-01-03,3,4,-0.58,10,4,82,1
f097ef20-85e2-4f2f-83c8-fa0e47a1630b,30,F,1009729,Term,13,83061,2,2023-11-14,1,6,-0.74,16,15,108,0
80ccce10-96e3-48db-ad9e-53c790ce2f60,60,F,309499,Whole Life,10,89529,1,2021-02-14,0,9,-0.94,14,13,58,1
62c312e9-df37-4f4f-af6b-eecf84ff444e,20,M,1184089,Whole Life,25,45552,3,2021-12-10,1,3,0.67,0,4,83,0
964c6d07-f05f-47a4-b80e-7bf6d88b44f2,21,F,1403376,Term,15,48365,0,2024-12-08,4,8,0.23,15,9,121,1
0d046bce-df94-4441-9436-cda446ae1e7f,20,F,612758,ULIP,23,75581,3,2021-04-11,0,10,0.22,12,9,110,1
3e4b9ebd-3900-44d6-8097-d51de8cb24d2,52,M,1313654,ULIP,21,44397,2,2022-05-04,4,2,-0.54,13,9,98,1
92489337-8e79-4c52-a776-17f2ab102245,49,F,804442,Term,15,80290,1,2022-08-26,2,8,0.38,10,7,161,0
baaaee6f-2c68-4593-be6c-78cd79c61b75,57,F,1456383,Whole Life,22,75519,3,2024-10-25,5,10,-0.67,18,0,178,0
cd858309-b294-4339-bdcd-dc8a5504bc2f,47,M,1062012,ULIP,20,72865,3,2024-12-27,2,0,0.4,8,15,135,0
7da4fe85-155c-4cb4-a955-d9b367f21f05,43,F,452752,ULIP,10,79997,3,2022-05-30,4,10,-0.49,4,10,178,0
b4c6bbf4-6624-43e4-a19f-617e3692405b,51,F,1123110,ULIP,8,36049,2,2024-05-11,2,3,-0.17,13,15,46,1
3865fe6b-15da-4a7a-9104-82405bf18882,62,F,1444193,ULIP,18,83058,1,2022-04-14,3,3,-0.91,9,12,21,0
9b6bb95f-d35d-4518-a599-9482407c4888,21,M,768379,ULIP,9,56281,0,2020-06-09,2,10,0.79,14,5,46,1
03a195fa-5fe0-4f8a-89d7-9a2d00eb2f44,41,M,516405,Whole Life,10,46745,3,2023-05-05,3,3,0.92,1,15,83,1
2bb9bb39-3c38-4164-903e-224fea2732ec,30,M,1436253,Whole Life,6,21850,2,2023-06-12,5,10,0.32,9,4,147,1
dd318051-a4e3-4b88-b02c-74cacdad1c54,50,F,1348245,Whole Life,17,60792,2,2023-08-17,4,7,0.1,4,1,16,0
82165835-aeb0-4bcf-8624-c2ccf906b3ba,39,F,905226,Term,18,27684,0,2021-07-15,3,9,-0.63,17,3,3,0
197dbe1c-bba0-42aa-9fa2-5be754c41562,49,F,946264,ULIP,11,54086,0,2021-07-05,5,2,0.43,1,11,134,1
a2c4efe3-36e9-4b9a-8b66-83973c2b2035,19,F,1458181,Whole Life,9,33084,3,2020-10-23,5,3,0.88,14,9,12,1
10e90111-d5f2-4cf6-a93c-ae0840f7acab,26,M,334239,Term,16,71319,0,2021-08-17,1,10,0.76,19,11,9,0
15f90486-4519-4452-8496-8bd51b5ba7e4,19,F,1275399,Whole Life,8,50321,0,2024-02-15,4,5,-0.63,18,2,171,1
29916f2f-2a5a-496e-acab-8940c05b8cf6,55,M,964818,Whole Life,23,65250,0,2022-01-06,5,2,0.03,19,15,104,0
b265d015-4fc6-4a14-b515-17ed5c96c61b,36,F,947228,ULIP,17,34664,1,2023-05-31,5,10,-0.95,13,11,6,1
a93a5ecc-2b64-440b-a9c2-1b9d2fcb4497,29,F,1315889,Term,12,84009,0,2022-09-15,5,7,0.86,1,15,59,1
83a4d758-f8ab-4408-9947-0357dc23b9c1,56,F,1230431,Term,6,36345,0,2020-06-16,1,7,0.52,15,10,3,1
6d628b27-e7a9-400c-baa7-637bfb219a85,51,M,856681,ULIP,11,14223,1,2023-05-05,2,0,-0.35,8,6,38,1
c33fd26f-d1eb-428a-bd79-f567cd0d8f3a,36,F,550299,Term,14,13827,1,2020-12-02,0,6,-0.12,0,11,0,1
1a86ddb7-f358-4c91-92be-40b37f707019,61,F,914018,Whole Life,19,26337,0,2021-01-24,4,10,0.45,3,10,35,1
369fd0d6-f5d5-48b5-93a2-edce079b27a4,36,M,905018,Whole Life,12,94771,1,2023-02-26,0,6,-0.12,13,0,170,0
468eba99-d565-41fd-a51c-c0e2d900c428,62,F,454426,Term,13,21863,1,2024-11-30,0,8,0.55,7,5,98,0
473290c1-c3d2-4a04-a7be-f19e60e39ae0,54,M,1136480,Whole Life,24,93521,1,2020-04-15,3,3,0.34,10,4,68,1
244058c2-3af9-4351-946b-43040d84d4c9,40,F,412056,ULIP,22,17554,1,2021-01-29,5,6,-0.18,14,14,96,0
0f819abe-d077-4ba9-807d-1267495d0137,66,F,1296844,Term,23,92294,2,2021-10-26,3,3,-0.73,19,13,180,1
ecdfa421-3e01-49af-b5ac-a57b07f184dd,53,F,790632,ULIP,13,81618,0,2023-01-29,4,10,-0.85,16,3,37,0
af187d76-aba4-42a1-8dda-cc629537926d,33,F,450031,ULIP,14,17338,3,2021-11-17,1,3,0.93,6,6,157,1
9b95a8bd-d43a-4a4b-99b5-d820ba806f33,52,F,330831,Whole Life,12,76379,0,2024-01-31,0,4,0.05,20,2,95,1
3bf31bad-3b7b-49c8-9168-002c5fa23b93,69,F,1169009,ULIP,14,78688,3,2022-03-25,0,7,0.47,9,14,4,1
00766cb4-af8d-4d90-aa15-d34bb0934018,48,F,653118,Term,25,57768,3,2020-05-23,1,5,-0.27,19,11,124,1
a80c7340-8f85-4cdc-8208-20fe779d383f,23,F,339464,Term,23,41221,0,2024-08-06,2,0,0.86,13,9,154,1
dd1e66f9-96e1-43d2-b43e-8c8371797f0a,60,F,376859,ULIP,13,98351,1,2021-06-28,2,9,-0.73,5,1,180,1
06ff06cd-6a0d-4419-9186-df5446f3e1c5,30,F,1207399,ULIP,9,94140,0,2021-09-04,4,0,0.79,12,8,174,1
f193e5c3-bebe-48c1-bd8d-36339bcc3a75,52,F,1268704,Term,23,18078,2,2020-10-06,1,6,0.05,5,8,143,1
180ccbaa-90f6-4a02-bfa5-5b61bfb42e53,32,F,1308960,ULIP,12,48816,2,2022-03-01,2,5,-0.59,3,9,67,0
f9afafa6-6c35-450f-a704-9a98a8b3e8a9,31,M,1394516,Whole Life,12,53719,2,2024-06-06,3,6,-0.34,17,10,69,1
9c24e9fb-2674-45f6-a420-d27557f7a7c0,40,M,552962,Term,25,86962,2,2021-04-02,2,9,0.37,4,15,171,0
12e8df24-8b89-4455-a477-f7be603b3f50,56,M,685629,ULIP,19,16688,0,2021-08-21,3,1,-0.2,18,14,101,0
1af84723-7b9b-4db8-b7cb-352a774f5c5a,27,F,1467509,Term,9,63423,3,2022-03-01,0,8,0.34,2,1,155,0
39ad5fd9-79ca-4ed9-a3f5-f457ade007ee,18,F,971138,Whole Life,18,33191,0,2024-06-11,5,1,0.13,0,15,102,0
d1d0ce95-1c51-4ec7-b95e-aa8707489da2,39,M,855993,Whole Life,8,91449,1,2021-06-17,1,3,-0.32,20,15,23,0
6658112b-c61d-4c09-b413-687548c8de65,57,M,1056670,ULIP,7,29256,1,2021-08-27,1,7,0.43,13,3,52,1
9912361b-f38a-4f08-933e-b26b9ab7e4b1,39,F,1017801,Term,14,35926,1,2022-09-24,0,6,-0.89,19,12,31,1
244e1279-914e-4d13-b73a-26d1ee4372a5,57,F,948260,Whole Life,13,25958,2,2021-02-17,3,2,-0.52,20,4,116,0
c65a19e1-21c0-4935-a3c4-5b84391d47a7,36,M,599863,ULIP,23,96951,0,2024-05-03,4,10,0.81,0,15,162,0
bc8b9449-626b-488a-94aa-95e0c4901313,62,F,1084420,ULIP,10,22620,1,2020-09-13,1,8,0.92,10,3,80,0
05725a27-9888-45e8-bced-7d9db3c048d2,63,M,1398827,Whole Life,25,33859,3,2024-06-01,5,4,-0.41,14,9,86,0
b24156ad-24af-4cef-a1e1-59aef7428c86,56,M,1350153,Term,7,13260,2,2021-02-09,0,1,0.56,16,15,71,0
4fa98966-71a5-4358-acce-24e16343c2f8,65,M,1290212,ULIP,10,95840,1,2020-06-09,3,8,-0.76,12,4,99,1
9cceb0ef-1996-4c6d-8dce-e7ea88c7ff05,60,F,842527,Whole Life,21,87370,3,2020-06-22,3,7,0.44,17,5,146,0
b187872e-74c5-451c-a581-671da661de85,42,M,1252967,ULIP,12,17171,0,2024-10-26,1,1,-0.74,7,8,6,0
e9a46cad-957e-4eed-988d-4688324fc827,47,M,1315694,Term,22,96588,3,2021-03-12,1,3,0.61,8,6,151,0
f83cfab8-6bc3-4523-83ad-4e9015bc6140,24,M,615988,ULIP,17,92023,1,2021-12-02,3,9,0.56,2,2,147,1
4581aca7-bd35-402d-9001-3344567410e5,50,F,628276,Term,18,43745,1,2020-07-03,0,7,0.1,15,13,117,1
422a6bae-994d-44a3-88cd-137a9205c74e,55,M,869007,Whole Life,13,32736,2,2022-06-21,2,5,0.01,4,3,143,0
62482b15-a1e0-468c-88b5-132da4b5d4ad,34,M,462057,Term,23,32520,2,2021-05-12,0,3,-0.42,11,3,48,0
54a4f387-01c3-4401-a0e1-793292ce3111,65,F,1479176,Term,17,54290,3,2022-12-18,4,7,-0.65,14,5,97,1
4125ae7d-e8eb-4bb6-b9e3-6f80d6b3a20e,44,M,1075708,Term,22,18900,2,2021-03-04,2,10,0.57,16,1,27,0
3ae37780-51b9-43f9-b028-5e245a5c2d7b,42,M,514604,Term,20,23330,1,2020-06-05,5,9,-0.45,13,12,39,0
f793a74c-421d-49f1-bc75-4e20516d0043,63,M,780924,Whole Life,22,13092,0,2024-05-25,5,5,0.02,5,0,159,0
3b4a339f-0bc6-4b9d-9c70-1c3be261b4ea,36,M,1461847,Term,21,85905,0,2025-02-15,3,2,-0.55,10,12,15,1
5887ca78-e623-45bf-b1f9-6066394c1c5d,38,M,598420,Term,16,28814,1,2024-08-08,4,9,0.09,5,13,70,0
d21a05a7-c257-4517-89bd-9d55de9b2d29,34,M,1415190,Whole Life,5,82469,2,2020-10-22,2,0,0.26,18,0,140,1
ff9dca1e-fd28-43be-bae9-a264703a6676,60,F,1089979,ULIP,5,22331,3,2023-10-26,4,8,-0.97,18,2,148,1
692ec5c2-80c5-4608-9ae8-98a171f45cb7,23,M,784370,ULIP,25,79431,1,2022-11-18,0,9,-0.67,12,0,67,1
eccbc2a6-22bc-480d-b5a5-f330f9e295eb,57,F,783859,Term,14,29975,2,2022-11-27,2,10,0.1,4,1,149,0
f8ad051d-4414-4bfe-bd96-d64f9e96502a,62,M,1476077,Term,21,91751,1,2020-04-02,5,4,0.28,13,6,81,1
96eec5ab-166f-430f-b677-d4226f9cfcc3,24,F,1192565,Whole Life,9,61496,0,2024-12-10,2,2,0.39,11,14,46,0
b44be1b3-4724-4c27-929f-43253bd0be69,27,M,1348998,ULIP,8,81487,1,2022-11-06,1,4,-0.6,19,7,116,0
8e295e83-e0a5-40fa-9615-7bceab1a410b,58,M,1043024,Whole Life,17,14599,2,2021-05-06,4,7,0.96,14,7,14,1
c946c3c4-1feb-4c55-8e20-4c08171ce2f0,53,F,957067,Whole Life,16,86324,0,2020-05-16,4,4,-0.34,6,1,145,0
234d9e03-ef48-4e30-b360-e28b025138d5,28,M,1375770,ULIP,6,47634,1,2024-05-01,5,10,0.87,8,2,70,0
8ceec2e1-cb3a-4d9b-aa9c-e12f3a3643da,70,F,464814,Term,11,74723,0,2020-02-29,4,4,0.59,18,8,44,0
1350af91-6dd1-4c95-98a0-41cac505d1eb,55,F,1376178,Whole Life,24,27270,1,2020-08-18,4,1,-0.59,10,2,163,0
d027cf3a-10b9-4526-a3ac-d86810da5ea1,61,M,1294175,Whole Life,8,61532,0,2023-11-09,2,2,0.17,14,14,80,0
da4fe62a-1f18-48f4-8b22-40f23aac2809,47,M,608627,Whole Life,23,11010,2,2023-10-13,2,8,0.07,15,13,132,1
fa8cc3b2-c53b-45f0-888e-3beb4452eaec,54,F,553615,ULIP,10,66802,0,2023-09-05,4,6,-0.72,8,3,9,1
df70cd00-e111-4952-a599-4fa90a01cf54,49,M,304889,Whole Life,21,99465,1,2022-05-18,1,3,-0.32,12,1,143,0
9610e052-996b-4aeb-a5ee-60261698bc38,65,M,859457,ULIP,14,73725,0,2024-04-24,5,9,-0.83,7,1,34,1
c82c82e9-7c62-4653-97ba-233abae0e2d7,51,F,1091366,Whole Life,9,80453,2,2020-05-11,1,3,0.81,14,0,123,0
55fd1751-caa9-47a9-a4ea-87922613ed5a,31,M,1302788,Whole Life,23,57724,2,2024-04-25,5,6,-0.09,6,2,95,1
c81a42e1-42ea-4be6-98a9-d10fb07e6117,45,F,482651,Term,12,61034,1,2022-08-11,3,8,0.95,4,3,31,0
40c02202-d865-4a2f-b7a2-c41b8e76facb,58,F,1290037,Whole Life,12,90897,2,2020-07-24,5,9,-0.48,4,5,57,1
e6194ed9-bb16-4d2b-b3cd-cffc2c6a2f57,43,F,1397373,Term,7,95497,3,2022-12-07,3,5,-0.05,8,8,153,1
2a3cca73-a9c1-4faf-b93f-4aa0dbb428c2,43,M,1324139,Term,5,80553,0,2020-03-20,1,7,-0.72,15,14,98,1
3c572f81-684c-4401-8738-93dc37cbee58,46,F,754522,Term,12,96665,2,2023-04-19,1,3,0.25,6,0,94,1
75b226a9-4a37-4df6-8810-8fb81dd56340,49,F,951669,ULIP,19,59160,0,2024-03-07,3,0,-0.43,14,8,106,1
8c45970a-2532-4915-9c9f-e45dd5e8d0df,35,M,1256665,ULIP,23,20073,0,2024-06-01,1,10,-0.55,18,14,160,0
50ceee36-2abb-4001-b967-93447e66845d,51,M,788783,ULIP,20,63693,2,2021-08-31,2,8,0.56,12,9,81,0
440cc612-1ca3-424c-8737-29ef6b5de925,34,M,917744,Whole Life,14,71382,2,2024-04-24,1,5,0.58,20,8,99,1
abee226b-6d4a-4f59-9724-ec3eb4fbd920,60,F,300560,ULIP,23,11394,3,2020-05-25,1,9,0.73,4,8,153,1
e825a715-5ccd-4926-b1b6-99486d488386,41,M,744704,ULIP,17,26715,3,2021-12-08,2,0,-0.16,11,8,65,1
e3dfe0b1-3592-4532-9d22-483ba5a1c501,41,F,446574,Term,24,16834,1,2020-09-15,4,3,0.82,2,7,31,1
6bcbc8f9-6c34-4b3a-96d0-8e63981045ac,38,F,445927,ULIP,9,79010,2,2021-12-22,3,4,0.59,18,5,48,1
23abf797-8b00-4e46-97b0-e2e689762456,42,M,1393867,Term,9,62912,1,2024-09-02,5,9,0.51,18,0,122,0
c4dfec14-9a15-4415-b332-5425bfba34f5,56,F,785230,ULIP,13,84925,2,2022-11-03,0,10,-0.21,0,12,63,0
8a65e9a3-2ef4-4d14-a845-222af04192da,40,M,1051526,Whole Life,17,86887,2,2021-09-29,3,9,0.8,6,3,105,1
bc78dd95-f428-40af-9208-4048bb13b7e2,19,F,1188240,ULIP,20,49861,2,2020-06-27,0,1,0.23,0,10,127,0
ab661f38-7c30-4b29-9ad8-a23c8837a810,42,F,311011,Whole Life,12,44965,1,2022-10-10,1,7,-0.6,20,5,8,1
408f7da4-a131-4478-b5f3-a4923625c384,25,M,1090946,Term,24,53645,3,2023-03-09,1,2,0.08,20,1,162,1
7405f151-c07e-48c7-ab26-5fd1dcf4ec52,57,M,661652,Term,22,58743,1,2020-12-12,5,1,-0.99,9,12,33,1
e24ebc3e-f7b8-4908-bb17-da61edc69e13,65,M,440937,Term,21,39906,0,2020-10-10,2,9,-0.88,18,7,108,1
e98a4742-65ed-4de7-900c-f7771b5eadf8,28,F,1213214,Whole Life,16,91214,3,2023-11-09,3,1,-0.82,4,8,6,1
891ecff8-19a7-4fe3-9be0-a7e26788667b,59,F,1152409,ULIP,8,74403,2,2020-08-07,5,3,0.14,3,12,157,0
21f7ac4e-596f-454a-8a87-ecdf10d78d12,19,M,1429652,Term,25,87843,3,2023-01-18,4,5,0.65,7,15,164,1
b4cf05cd-c934-427d-a685-60718e29f81b,45,F,1418106,Whole Life,16,87242,2,2021-05-20,0,2,-0.85,17,6,19,1
cc74442e-122f-4f3d-981d-6a08a5b9d7af,19,M,1420857,Whole Life,15,99649,2,2023-11-16,5,5,0.39,14,9,13,1
214a81b2-9acc-4470-8331-5d45b02da796,35,M,953588,ULIP,17,65538,2,2021-10-31,3,5,-0.26,18,9,9,1
7935e68e-7b00-4d4c-8bd3-49b859719872,70,M,1369552,ULIP,7,21200,1,2023-03-15,0,0,-0.19,0,13,111,1
18a0d78d-1ef2-4056-a70c-ef7ae5b3a307,46,M,511556,Whole Life,9,81008,1,2020-10-18,2,10,0.79,16,12,81,1
9340645b-38a4-4875-b083-c1bf874843f9,60,M,1069636,Whole Life,25,51696,0,2024-12-28,0,7,0.45,7,2,13,1
7af714f2-8b37-40de-8ce7-371ef1cbfb7c,21,M,379813,ULIP,16,34112,2,2023-11-20,4,4,-0.46,8,5,104,0
20bbf05b-fcb4-4302-912b-852a6c95b8f4,45,F,305414,Term,18,55889,0,2022-01-21,1,0,-0.54,14,13,53,1
187297f4-5ce8-46b3-8eae-2508ef822477,35,M,880731,Whole Life,7,13145,3,2020-09-11,5,9,-0.99,2,7,90,1
aa70455d-3681-4653-8fa7-3aff461b70a5,54,F,751353,Whole Life,15,81654,0,2022-03-20,5,4,0.58,17,10,101,0
b10b4725-b4d2-447f-a475-04519e4e62cd,58,M,365259,ULIP,24,99899,2,2020-09-16,1,6,-0.29,10,13,1,1
569abd86-9ce9-4382-9ff8-733fe2f0603f,58,M,1016906,Term,5,98338,2,2023-01-10,5,6,-0.11,3,5,72,1
ad32bc8d-aefc-48fe-962b-c4a768fd00b9,63,M,1014077,Whole Life,13,87531,0,2021-04-12,5,1,0.47,1,14,14,1
8208cb66-3ef0-4894-adc9-148945045122,55,M,1482843,ULIP,13,66947,1,2024-08-14,0,9,-0.41,12,13,47,0
36962272-37cf-44e0-b225-cfe5364c1457,23,M,1471379,ULIP,21,59432,1,2024-12-20,1,2,-0.21,6,9,153,1
3a63c1c4-004e-41a6-8440-fc66a256fbff,45,F,696467,ULIP,24,26990,2,2020-09-30,5,0,0.02,15,13,11,1
14d900e8-f2a8-4d5d-b4ff-b25780bcc209,50,F,774535,Term,25,36146,0,2022-08-25,5,6,-0.63,17,4,75,0
b5b341b0-2dcf-4532-b352-3fd76e9f0748,19,M,1419656,Whole Life,15,42582,1,2023-11-10,5,0,-0.3,8,12,14,0
6236485a-dc05-47fb-8daa-dbdb5a1aa134,65,F,1268413,ULIP,15,60815,1,2022-12-04,4,10,-0.69,9,9,174,1
f5778d9d-d0ca-4d4d-80a3-392b736ec1fc,43,M,1175798,ULIP,16,63296,0,2023-10-14,1,8,0.21,17,1,74,1
47213ed4-4503-4cb4-8b65-fb7c9748a6b0,69,M,825336,ULIP,6,59927,3,2023-11-20,2,5,-0.69,20,0,176,1
3659d974-cad0-4fc9-9874-c6cbfdb606c5,67,M,1255594,Term,22,63378,0,2024-11-17,4,10,-0.74,11,10,38,0
24b25e84-142b-4de8-bee1-210f73266548,48,F,922319,Term,12,65473,1,2024-07-26,4,0,-0.48,8,8,136,1
0b340647-efcc-4027-9453-5e84d6206af6,68,M,542459,Whole Life,15,13196,3,2020-09-16,1,7,0.12,6,8,34,0
b7d824aa-14ba-4a75-afed-943a8a8f9310,44,M,1433593,ULIP,19,65010,2,2023-10-29,2,7,-0.14,11,0,124,0
cea93986-d879-4da7-895b-ca9ce8472dbb,22,M,1051770,ULIP,12,53946,1,2020-03-26,2,3,-0.9,10,8,19,1
dc19ba5b-2a59-435d-b767-f0a9e066af61,25,F,1089080,Whole Life,25,84070,3,2023-03-29,4,4,-0.0,9,6,86,0
23f59e39-c839-4fc2-91e1-106a16118e80,32,F,481990,Term,20,42486,3,2020-11-11,0,1,-0.31,13,10,79,0
d9c67a35-150d-4ff7-937c-225baccc0f35,56,F,480885,ULIP,14,14448,0,2021-09-10,4,0,0.84,8,4,96,0
a201f66f-da9c-46ed-be77-10ddcbe5236e,27,F,750419,Term,17,64890,1,2020-10-07,3,3,0.58,0,12,103,0
2171eaf0-6d1e-453c-a27a-95c87f2ce9a2,61,M,1311635,Term,10,55257,2,2021-03-07,4,0,0.56,14,6,148,1
e3abe4cb-b4a6-40f5-8bdd-7b2e4002567b,58,F,1469766,Term,9,45537,0,2021-12-03,0,9,-0.79,10,6,103,0
61e4e8fa-1545-4485-a378-5728c4273aef,33,F,376583,Whole Life,12,15961,0,2022-05-01,1,8,0.57,6,4,158,0
889185da-5a5d-4828-925d-a3b676f86ebd,18,M,738280,Term,24,19407,1,2023-03-02,0,1,-0.66,9,5,23,0
6bc8113d-7ae7-4756-8d70-759949571493,29,F,1005007,ULIP,7,72156,2,2021-05-20,0,8,0.61,2,8,81,1
b76cc7d7-dbf7-4031-8303-57688cbd7d27,67,F,983335,Whole Life,7,26589,2,2023-03-12,3,2,0.89,8,1,67,0
c1477ff1-3530-48d9-9136-52b99bfc6e78,65,F,487237,Term,12,99973,3,2022-10-14,2,0,0.5,10,9,26,0
7671be1e-1f83-441a-b998-04b155ec7a38,40,M,982260,ULIP,19,41936,1,2022-01-15,2,9,-0.47,3,1,84,1
8672f5f5-60d9-4910-aed0-c02b67dd6a5a,35,M,947776,Whole Life,20,31595,1,2023-12-28,2,7,-0.35,2,4,87,0
afa0f337-72ce-4fca-9fdc-b09f2e59e4ab,68,M,990118,Whole Life,14,29319,3,2022-09-12,5,3,0.55,18,9,26,1
e5f08869-e568-483d-92a3-29531f0674d2,23,F,1308687,ULIP,12,94944,2,2020-06-08,4,2,0.21,15,1,51,1
da25ddb6-c975-4b43-ab82-7c7d6bab45e7,46,M,908377,Term,16,29910,1,2020-10-12,4,0,-0.09,7,14,143,0
66a01217-3a12-4a74-9d15-78c5eced05d7,54,F,1444989,Term,13,14450,2,2022-12-27,1,8,-0.64,13,3,176,1
d9639561-ed54-4987-8596-d389c9a67c6f,54,M,1345796,Term,15,54711,0,2021-10-01,1,3,0.44,8,2,133,1
d17fb6d9-76ee-4ba5-9261-2f34528da1f4,35,M,734312,Term,25,46752,0,2024-12-26,0,8,0.89,20,13,91,0
03191402-d72f-4e90-aa0e-04b20dcc7754,35,M,1015598,Term,14,61457,1,2020-12-01,0,9,0.64,13,5,74,0
fc8dfca9-2420-4176-b4c0-29a6a88aae95,56,M,1100199,ULIP,24,53299,2,2025-02-05,2,1,0.53,12,4,9,1
704b9169-4046-4058-b565-f35c1d28a4e1,49,F,1380458,Term,17,56433,1,2024-11-09,3,8,-0.82,13,13,125,1
9ed49484-fd5e-4c7b-a64a-55b1b43e188c,49,F,1311586,Term,11,36448,3,2021-07-24,3,9,0.42,8,1,45,1
e581bb95-16e3-4e40-aa18-eb782e874f1d,63,M,501627,Whole Life,14,84116,2,2021-09-28,4,1,-0.79,19,8,126,1
1c5c8bfc-23a8-4ebb-a747-e8657dd616b7,38,F,477028,Whole Life,14,14836,0,2020-10-15,5,10,0.23,5,4,42,1
e72892bd-c0cb-452b-a976-c4f7bda8936a,40,F,1441370,Term,10,97817,0,2023-04-12,0,1,-0.24,7,12,36,1
6f3fa6ba-b313-4234-902c-8d8f80796af2,56,M,1451898,ULIP,22,88249,0,2021-02-21,4,7,-0.01,12,5,161,0
529f7031-3e08-4ec2-8534-00f5d2444007,70,M,1399402,Whole Life,17,98996,3,2023-07-18,5,8,0.73,11,0,157,0
cc8b823b-a4e9-4217-b8c4-2936d8fbe36c,45,M,1253798,Whole Life,5,33122,2,2025-01-08,3,5,-0.27,19,4,67,0
42e3861a-c297-41aa-a744-1786db6e41d6,68,M,1287502,ULIP,12,37804,2,2023-02-02,3,4,-0.99,14,12,123,1
1c124b80-33cc-422f-b039-2776aa8a6811,68,F,550771,Whole Life,21,30399,2,2021-01-03,1,10,-0.84,4,0,167,1
68ed629b-c5e7-46fd-9684-f47bff65b7f3,55,M,738138,Whole Life,16,93217,2,2021-10-31,4,3,0.71,7,15,77,0
6e3949a0-be04-45d9-a00b-7b461a90893a,53,F,526176,Term,24,68429,0,2022-04-12,4,1,0.27,7,11,6,1
04d7d4ba-8063-4b3c-a56a-b19d5d26acf2,60,F,730895,Whole Life,15,95801,0,2020-03-04,3,4,0.94,14,0,80,1
945f716e-00f6-45d2-b767-f59b2112146b,44,F,908347,Term,10,23402,2,2022-05-27,4,7,0.07,19,9,168,0
61c0fc74-167b-4a26-9fac-bc554920cd36,36,M,1281037,Whole Life,16,15402,2,2023-06-24,4,1,-0.01,4,13,175,0
c4343a5d-10ff-4995-ab22-64d5b7eed455,62,M,465678,ULIP,10,33695,2,2023-05-03,4,4,0.61,19,0,176,0
6d6d6fe7-1538-4b87-a366-8eb7f57e0941,49,F,1360906,Whole Life,8,84468,0,2023-10-02,0,1,0.86,14,9,179,0
66a2d595-a455-42c8-a658-fd311f8dd562,39,F,1467196,Term,6,58108,1,2022-10-23,3,3,-0.11,0,11,116,1
9d85edc2-e105-4a32-8836-c559059d9ba5,66,F,539753,ULIP,13,45628,3,2023-06-07,0,0,0.23,4,10,15,0
5c21330d-0b9c-41a4-9e73-5380911a3c33,68,M,665744,Term,15,56578,3,2023-09-12,2,6,0.92,15,3,111,1
cc0b010c-38c5-4c3d-a3f4-49953bd67286,42,M,907408,Whole Life,22,58321,1,2023-03-24,0,1,0.96,8,6,60,0
103c3775-d01a-4b37-88b3-7ec0432662a5,48,F,813637,ULIP,6,96950,0,2024-10-04,1,3,0.31,14,3,167,0
ce3c7528-13e5-4160-b6ef-a9b5ea475cf0,39,F,1036857,Term,8,90966,3,2024-03-04,3,6,-0.1,16,11,105,0
aee46f91-0d84-4dff-9ee0-f46564fe49ea,29,M,424412,Term,5,44834,2,2020-03-02,0,7,-0.29,4,8,87,1
23993433-7855-4f53-be32-da10b4a68b9d,22,M,646322,Term,6,73615,2,2021-03-21,4,10,-0.63,2,10,13,0
c6ca2443-6c11-4888-8607-2a2dd79a0f24,35,F,1296853,ULIP,11,88724,3,2023-10-31,4,8,-0.36,18,12,2,0
9ca2ba9b-3787-42ba-ab47-adc0f827727e,27,M,1127423,ULIP,11,11866,1,2022-10-01,2,0,-0.3,4,5,27,0
a3c7dbf3-a368-4956-81ba-a3e69597d7cf,28,M,606380,Term,10,65439,2,2023-02-15,3,8,-0.64,5,12,91,1
90d952ae-2bfe-4532-a724-5c20965e62b4,69,F,968834,ULIP,25,99332,3,2024-10-16,0,10,-0.24,3,9,122,0
66e6beda-843e-408d-9504-0c75d580b6f5,68,M,1195445,Term,12,62992,0,2022-02-21,4,8,0.55,16,7,164,0
385fde86-3fa8-47e1-8b56-92fe4694e163,62,F,1149238,ULIP,6,86923,0,2023-07-05,4,9,0.67,18,15,166,0
b4d56f64-f68c-4119-b310-0490956e529b,61,M,883128,Whole Life,15,51511,0,2023-09-18,4,1,-0.36,1,14,95,0
438abb1f-2d5a-4cbf-b1cb-cbc49acab5d2,34,M,909675,Term,21,52304,1,2022-03-08,2,3,-0.41,8,11,64,0
7f1540f2-c2e6-40df-a1bf-b5e43e4a5a74,19,F,1266397,Term,12,91604,0,2023-07-25,2,1,0.56,0,0,81,0
ce8ac02a-d677-4fe4-819b-8bdec399a161,45,M,1496003,Whole Life,18,79953,0,2021-05-28,3,3,-0.84,4,0,136,1
dc35d5aa-6230-436b-869d-a1837f70fa15,19,F,662059,Term,13,58838,1,2020-12-06,3,10,-0.55,14,10,157,0
f3141202-0a54-4058-b22b-7afa794f1bba,50,M,478005,Term,14,73887,0,2023-08-09,2,9,0.02,18,0,18,1
7c6d4e86-bd81-4cd1-b127-5e5c04a330d9,40,M,639332,ULIP,9,31643,2,2020-09-07,4,4,-0.07,7,13,73,1
fa5f65b8-13c5-46c7-bb24-8ee99eaaa03c,43,M,876103,ULIP,13,59684,0,2022-01-11,3,7,-0.51,10,10,117,0
5474e61b-9634-40a8-bd78-cb479bae71c7,61,M,618121,ULIP,22,69987,2,2023-01-17,4,1,-0.2,0,12,98,1
be46c3f8-9d93-441f-a341-909c11cdfd78,46,F,840986,Whole Life,24,38812,1,2023-12-11,1,5,0.25,7,15,19,0
46e1c928-cb9c-4b2e-adb5-25b7d8ca489d,36,F,1409892,ULIP,9,68625,1,2024-10-12,2,1,0.19,18,11,0,0
416f0f7e-5bb3-455d-a49b-5bbd32d1584a,26,F,1240329,Term,13,88846,2,2021-05-21,2,5,0.11,17,5,110,1
605afa88-0b5a-477a-be0c-88d41a9b71e7,32,M,1350021,ULIP,18,68354,0,2024-05-26,3,6,-0.99,4,4,131,0
42269c22-e488-4955-bf13-7feb74aefa33,20,F,451450,ULIP,12,85205,3,2020-04-21,4,2,0.02,0,14,86,1
c6a3b811-6e72-4726-927d-d57066438639,31,F,375546,Term,17,64535,0,2020-05-31,2,0,-0.58,19,9,175,0
b5976bf8-5e40-4660-a39c-a338d4c29141,48,F,896496,Whole Life,10,61337,1,2021-11-23,3,2,-0.26,17,6,109,1
9254028c-0516-417c-85bb-2c424c23a5b3,39,F,1300449,Term,13,74456,1,2022-04-23,0,7,0.46,8,10,99,0
06f3cd8d-4d45-4cac-b736-5d65136a4dbf,28,F,639037,Whole Life,14,46255,1,2024-05-22,4,5,-0.32,9,11,49,1
02c4530a-2915-4a77-87c8-be5dcb334f8b,55,F,1295061,ULIP,21,27049,1,2020-10-28,2,8,0.1,6,15,11,0
3c5be455-5099-450d-ae67-520436abcfb2,69,F,1335807,ULIP,8,75674,3,2023-07-06,0,6,-0.26,0,0,72,0
7e46c21f-67df-43ae-9861-d792dc5d6c6f,64,F,822434,Term,19,17850,1,2020-12-24,0,3,-0.66,9,0,20,1
b5033ef2-228c-4575-a3f7-267e0367d8f0,49,M,1397208,Term,6,66884,2,2021-11-16,3,1,0.1,1,14,81,0
a280c0b4-d951-4db0-a4f2-e0692f2d79c7,64,F,1122794,Whole Life,15,26553,1,2024-04-16,0,1,0.22,15,13,22,1
dd4038a9-01c4-45cd-9173-cb0a5ab2d3e7,36,M,766156,Term,25,97170,3,2021-01-26,5,9,0.11,14,14,170,1
31111f9c-376c-47e0-bc1e-6a8c5caa6e23,51,M,364952,Term,18,84620,1,2020-09-03,1,0,0.21,20,0,142,0
173ea86c-1710-4dcf-838a-7cebd24e1129,20,F,316904,ULIP,14,66660,3,2021-01-10,3,3,0.78,16,7,46,1
101d07a0-1a2b-40a0-b9cb-c7525110d0fc,60,M,1108891,ULIP,17,70481,3,2020-03-10,2,5,0.15,4,0,173,1
464ac35f-8e1e-4c2d-8400-e11fe11a38f9,36,M,513106,Term,15,96148,3,2022-11-25,0,10,-0.16,19,10,44,0
5fc2e828-d81f-428b-9015-732e35c421d0,60,F,1408935,ULIP,8,76907,2,2020-05-02,2,8,0.77,9,10,156,0
62f89a71-9fab-4968-9150-8a1b49705b04,70,F,1331914,Term,18,23486,1,2023-04-01,1,9,-0.66,3,2,10,1
27921a95-f244-4a54-aba5-76f30da769d5,35,M,1066856,Whole Life,8,22637,1,2023-11-14,4,0,-0.26,7,2,144,0
1d20b775-cb68-4051-adbc-9b34a9ee4967,37,M,903691,Term,17,17480,3,2023-06-20,3,6,-0.38,11,8,164,1
38ccfe4d-ab63-45f2-b8d4-eb0ec1191605,67,M,509722,Whole Life,23,87118,3,2025-02-09,0,7,0.5,19,14,173,1
b3fa372f-56f8-4b8c-b823-f8ce40158842,53,F,505504,ULIP,17,20326,3,2022-11-05,3,10,0.07,5,7,114,0
e7fd4fbb-ddf0-4bf8-8a65-d0f97ebdef27,18,F,747447,ULIP,9,59446,0,2022-07-29,2,7,-0.47,12,9,140,0
f9132a03-64ae-4688-860e-7106a689eef4,27,F,1241872,Term,23,38343,1,2021-05-10,1,6,-0.46,11,11,137,0
36b0f7d2-e3d1-452b-8ed5-be04764261b4,37,M,328062,Whole Life,14,36947,1,2021-07-14,1,3,-0.06,19,5,145,0
9dfec71a-806b-4ddc-99e1-adc2fe25500d,58,F,558835,Whole Life,10,65331,0,2023-12-26,3,0,-0.6,13,10,17,1
665df07c-2ad3-449d-8720-cbe8d28e7fb9,46,M,1364225,ULIP,14,37239,1,2023-03-21,4,8,-0.05,1,1,4,1
ef32b076-b206-426e-a180-af1ca546a5aa,66,M,1323632,ULIP,8,91552,0,2024-04-28,4,7,0.98,12,15,103,0
8fbafef6-684e-43d9-87a6-f077dc21963f,33,M,619280,ULIP,12,67254,0,2021-02-22,1,10,-0.8,1,7,30,0
5abf2da2-2292-4472-b387-7ff5bd6e3b1c,53,M,1146945,Term,16,79868,2,2024-12-02,4,9,0.53,3,9,168,1
85c4dc28-3b59-4ed2-aae4-b3aa5be996fe,26,M,1145686,Whole Life,18,51163,3,2021-12-17,1,4,-0.33,15,7,112,1
72b923bb-2f80-42a7-a590-c99d9bfc5243,28,M,420650,Whole Life,25,75531,2,2021-07-25,5,1,-0.5,0,6,28,0
127ba785-1de6-4493-b50d-74cc7ebaa8cd,49,M,457801,Whole Life,13,74606,2,2024-11-09,3,8,-0.94,15,2,160,1
c28f02b4-3761-402c-8dcf-ce0dbf062f0e,28,M,1350865,Term,13,79247,3,2023-04-13,5,8,-0.57,19,4,83,1
e507ea63-3438-4eee-8647-806947b1afe6,20,F,1045310,Whole Life,16,13065,3,2022-03-31,0,5,-0.33,2,0,147,1
88333940-fcd1-4971-958c-fa93b559fe55,38,F,608301,Term,22,75355,0,2023-01-09,4,10,-0.07,15,2,169,1
f3d64d52-7eac-4630-9d8d-d6da0925975f,49,F,354207,ULIP,19,57284,2,2023-12-18,1,5,0.7,20,14,82,0
dc0d9131-4fb2-4704-a9ed-c42f109ee29d,42,F,1213420,Term,9,25485,2,2021-08-21,2,5,-0.03,0,9,57,1
78e8a0c8-bc84-42cf-a159-20ffbc8e4aaf,33,M,681894,Term,13,49327,1,2021-08-10,4,7,0.82,8,9,1,1
388a8539-4b73-4860-9df2-24e9ffa2fdac,44,M,602152,ULIP,7,39733,0,2021-04-01,1,0,-0.24,15,15,153,0
4b04d075-dd18-4997-af04-ea973da3fd87,38,F,708244,Whole Life,11,48341,0,2023-11-05,3,7,-0.84,20,8,89,0
63d16572-da0b-4de6-a819-081b8b4838e4,37,F,1040071,ULIP,7,81403,2,2022-03-04,5,7,0.75,9,13,98,1
3bee77fb-cfc5-483b-ab2e-fe01b2eaeb94,20,M,1252898,Term,20,84926,2,2022-03-19,0,10,-0.53,20,10,61,0
2254ec79-ad0c-4bde-9c73-436f1829412d,33,M,1392640,Term,17,91501,3,2023-06-24,0,6,0.78,10,7,166,0
55d09251-259b-42d2-8130-093d9647b86b,24,M,1156176,Term,8,36764,2,2024-07-16,1,10,0.57,16,3,125,0
ea9953cf-fe0d-4c0e-92db-d18c94ce53dc,42,M,652314,ULIP,20,65818,3,2021-12-04,2,6,0.56,9,7,172,1
363efe5b-33f6-4f48-a96f-61e8d0ee4019,23,F,332462,Term,23,50729,0,2020-07-31,0,8,0.43,4,7,28,0
c55ccec4-3704-4949-8fe9-74c37b2e137f,53,M,549837,Whole Life,5,82133,1,2022-07-28,1,6,0.6,5,9,28,0
31da821a-8247-4686-aa2a-3e20e9fef0d8,30,F,444751,Term,12,93180,0,2021-07-30,1,9,-0.8,6,4,89,1
d8bca84d-b6b3-4b33-b5de-24bc54834699,32,F,801537,Term,5,41536,3,2023-05-11,4,6,0.47,11,4,124,1
bb957112-6256-430a-b401-a55368eb3426,55,F,1008434,Term,6,53083,1,2023-12-22,5,3,0.77,13,1,121,1
bedd1392-213e-4ac0-87b3-d8492c6a2977,32,F,1126047,ULIP,24,40358,3,2023-04-28,5,3,-0.6,20,1,12,1
adc98bb6-7c88-4b0f-898a-5f7b2646f532,63,M,1247116,Whole Life,20,58529,0,2023-11-23,0,7,0.77,17,13,122,1
a9837481-8730-4ad3-b9c3-effb1d7b28cd,35,M,801111,Term,7,73524,3,2021-07-06,3,8,-0.56,12,1,34,0
f12008cb-a355-4a21-8b42-2bb581890d19,18,M,538106,Term,19,19965,3,2021-07-10,4,6,0.76,18,11,67,0
f158f633-078d-42c8-9bb7-a4fa2dd1c1b8,27,F,754219,ULIP,23,28422,3,2020-07-24,5,10,-0.03,12,12,112,1
6cb20729-3e94-4160-a463-7f0de8bffc75,62,M,353318,Term,12,88957,3,2023-06-10,4,9,0.1,9,9,57,1
b6224a73-6754-4fe6-8a36-bec0df0082f8,58,F,981728,Whole Life,5,74396,3,2024-12-22,0,4,-0.66,9,5,82,0
256eab04-e734-4032-8a1c-2e7c7c136514,32,F,980008,Whole Life,12,16686,3,2023-04-06,2,7,-0.23,8,3,19,1
76508992-e912-45a5-bdbd-3a7eaa469344,52,M,900555,Whole Life,13,53647,2,2025-01-20,5,1,-0.11,4,13,77,1
4cfd3267-2183-47e9-8a68-472d5bc75b74,26,M,892441,ULIP,19,11455,3,2021-05-15,5,8,0.12,1,3,49,0
a9689a1c-6594-45f5-988d-fecfd25d5c9c,21,F,1245582,Whole Life,21,38697,3,2024-04-08,5,1,0.49,8,2,110,1
bf65f438-b038-49eb-9589-286fa9ffc9e5,20,M,580345,Whole Life,20,54593,2,2021-11-06,5,5,-0.49,4,8,76,0
55ef8dca-cdf9-45ef-b9b0-2f8a4224bbe4,40,M,392115,Whole Life,13,65672,1,2021-09-12,4,2,-0.72,3,4,82,1
c49d813d-e797-479e-b8c8-78da61b2973d,58,F,1495918,ULIP,17,75966,0,2025-01-13,3,1,-0.16,12,15,101,1
ea8b0b7f-83aa-44d4-9fd3-0a1126d07776,54,F,1118552,Whole Life,24,33898,2,2020-04-30,4,7,-0.92,3,4,121,0
5c28243f-c90e-4417-8148-e06df240eb6f,23,F,1481996,Whole Life,9,98348,0,2020-06-02,1,6,0.71,0,15,159,0
9da8543c-aac7-4066-97ff-9675feab75cd,51,M,585853,Term,12,15398,2,2021-06-14,0,9,-0.53,8,4,29,0
638a6634-9fe6-4a81-b702-9aeb293bb6fa,27,M,707702,Whole Life,18,11715,1,2022-09-21,5,10,-0.01,3,3,83,1
c27d003b-84d5-49b3-aba6-a5266bc21cf2,65,M,726053,Term,20,59374,2,2021-03-17,5,1,0.96,12,1,97,0
4eb3f8a8-1d8e-4cfa-bf0d-e2bacb1ac96d,70,F,421303,Term,24,14052,1,2024-02-22,0,7,-0.4,17,15,112,1
1cd03e18-6aea-4119-ae78-63f51dd4ea23,69,M,721692,ULIP,16,60433,3,2020-04-24,1,5,0.52,7,4,70,0
5e7ef778-8d1a-46cd-ac70-114cb9fd9094,46,F,1232888,ULIP,21,41685,2,2025-02-13,1,8,-0.43,1,15,66,0
f4963723-9ce8-484f-9535-caf5a47b5ef4,42,M,1029254,Whole Life,13,95284,1,2021-05-24,5,8,0.91,13,7,32,0
682dfc93-e4af-4ac5-87c6-35fb908f2b6c,46,F,1410990,Whole Life,14,71638,3,2023-10-12,5,7,0.96,0,12,20,0
0f918cde-dc1c-42f4-a9f8-9065eadbbd4f,27,M,580984,Whole Life,6,87489,2,2024-03-02,5,2,-0.76,2,3,145,0
f8ac9e86-aa50-4ec1-96c2-651be7c0a9ea,37,M,966916,Whole Life,24,11941,3,2024-10-15,5,1,0.42,6,15,98,0
88602b18-c37f-4c37-be27-f41b7b7ce008,43,M,1246203,ULIP,9,46064,2,2024-06-08,3,4,0.06,1,6,54,1
7b95ee94-f502-48cd-8935-6eba80ee053b,38,F,590747,Term,16,46325,2,2022-03-25,4,7,0.41,8,11,5,1
31ba7a2e-b108-4361-ab93-c0d43816e44f,19,F,553761,ULIP,24,10963,3,2023-02-01,4,3,-0.62,4,1,0,0
9413f26f-2549-454a-b498-911c1e08a7f2,70,M,1136068,ULIP,22,63973,1,2024-10-30,4,7,-0.97,1,3,124,1
c0120f1a-b00b-4640-a833-ea98922310ec,42,M,605289,Whole Life,25,86076,3,2024-04-17,5,7,-0.28,1,14,88,1
a8164be2-bbe2-448f-ae2e-5474f101df50,34,M,398493,Term,17,78328,3,2021-09-09,3,9,0.73,0,4,31,0
abdc76c9-f132-444b-85e8-3faa70e03096,40,F,1169566,Term,15,84810,3,2020-06-27,0,0,-0.51,17,0,32,1
8fd829d7-1257-451b-a0d2-c6f3c0e94ff5,31,F,746803,Whole Life,17,13709,3,2020-05-13,2,5,-0.34,14,0,155,0
7a3dba54-0aab-4d8c-b398-7b4148aebad6,69,M,934943,Whole Life,23,11232,0,2023-05-25,1,6,-0.96,12,2,157,0
07bb0866-2d8b-4279-910c-e6117e32bc5c,42,M,849218,Whole Life,17,17507,3,2023-03-31,5,5,0.65,11,9,66,1
f5de57af-d598-4a34-b562-e98092119a4e,21,M,1467424,ULIP,22,76209,1,2020-06-13,0,2,0.88,13,15,95,1
774b2f64-f6da-448a-a86a-17608435b26f,52,F,352181,Whole Life,17,89632,1,2021-09-23,3,4,0.1,20,0,89,1
183ac22e-de70-4724-b62b-0fb2aece17d1,70,F,315680,Whole Life,6,49876,3,2023-05-17,2,5,0.12,1,7,0,1
ae9f7d18-d1b8-4795-a6da-de61909ce5b2,68,F,884354,Whole Life,5,43884,1,2024-01-01,4,8,0.47,12,7,93,0
be83d789-3e57-4c86-a995-b90c055afd7f,24,M,1289104,ULIP,23,93729,1,2022-12-27,3,7,-0.47,3,0,115,1
6b542e1e-3297-4782-a942-81e56de0925d,62,F,338354,Term,11,21930,0,2024-01-09,0,1,0.73,9,5,67,1
5c159af2-7eaa-4dc7-bcd0-010019a4e1dc,60,F,1277350,Whole Life,15,63220,3,2024-03-22,5,4,0.59,13,14,99,0
3cbf508b-0948-4b0d-bf38-f72e984a3f06,66,F,581569,Whole Life,10,79264,1,2024-04-07,2,7,-0.91,4,3,16,1
fce9e96a-215f-4c4a-9203-a64f761fa2c9,52,F,1117007,Term,17,67799,1,2024-06-14,4,4,-0.87,15,8,11,1
35f2d6c3-311c-4acd-a097-c8daa11e6dce,26,M,1000591,Whole Life,7,80747,0,2024-11-18,0,2,-0.15,12,2,167,0
d000fa6e-4270-4bea-ad6e-d95d7c6d2a8a,32,M,1197017,Term,16,54832,2,2022-03-18,1,1,-0.7,11,11,56,0
5e1f5e2d-bc9b-4903-85b2-7a49cf5b1b3b,26,F,484025,Term,8,30512,2,2021-01-06,5,10,-0.45,19,14,52,0
0cb19d43-6278-4f97-95d9-1e48438ae0fe,34,F,337093,ULIP,7,10483,3,2024-12-23,4,0,-0.34,6,6,81,0
a0904a1a-e0c9-48fe-8c0d-d39bd1745406,67,M,1141093,Term,5,68569,1,2020-11-13,4,6,0.22,3,9,128,1
8dc128c6-4e1f-4429-94c7-33bb3caf14c6,29,F,700882,Term,22,87344,3,2021-09-13,1,1,0.83,16,15,39,0
c3fbec8d-bde7-4116-a3f9-55846fa0e841,55,M,1229357,ULIP,24,24318,1,2023-01-28,1,9,-0.06,1,10,149,1
3a61a6ce-ac3d-448e-b7f9-1e72cc635dbd,63,M,608793,Whole Life,7,57505,3,2023-10-11,5,2,-0.15,5,11,177,1
4e063452-ad4d-4021-b6a3-e019bc097b79,22,M,576106,Whole Life,7,64018,2,2025-01-09,4,9,0.54,16,12,96,0
